Country,Year,Rural,Total,Urban
Afghanistan,2000,,,
Afghanistan,2001,,,
Afghanistan,2002,,,
Afghanistan,2003,,,
Afghanistan,2004,,,
Afghanistan,2005,,,
Afghanistan,2006,,,
Afghanistan,2007,,,
Afghanistan,2008,,,
Afghanistan,2009,,,
Afghanistan,2010,,,
Afghanistan,2011,,,
Afghanistan,2012,,,
Afghanistan,2013,,,
Afghanistan,2014,,,
Afghanistan,2015,,,
Afghanistan,2016,,,
Afghanistan,2017,,,
Albania,2000,,49.29324,
Albania,2001,,49.21738,
Albania,2002,,49.08154,
Albania,2003,,48.94225,
Albania,2004,,50.73476,
Albania,2005,,52.55115,
Albania,2006,,54.39092,
Albania,2007,,56.25379,
Albania,2008,,58.13945,
Albania,2009,,60.04764,
Albania,2010,,61.97766,
Albania,2011,,63.9291,
Albania,2012,,65.9014,
Albania,2013,,67.89334,
Albania,2014,,69.9037,
Albania,2015,,69.9445,
Albania,2016,,69.98433,
Albania,2017,,70.02315,
Algeria,2000,,,
Algeria,2001,,,
Algeria,2002,,,
Algeria,2003,,,
Algeria,2004,,,
Algeria,2005,,,
Algeria,2006,,,
Algeria,2007,,,
Algeria,2008,,,
Algeria,2009,,,
Algeria,2010,,,
Algeria,2011,,,
Algeria,2012,,,
Algeria,2013,,,
Algeria,2014,,,
Algeria,2015,,,
Algeria,2016,,,
Algeria,2017,,,
Andorra,2000,,90.64,
Andorra,2001,,90.64,
Andorra,2002,,90.64,
Andorra,2003,,90.64,
Andorra,2004,,90.64,
Andorra,2005,,90.64,
Andorra,2006,,90.64001,
Andorra,2007,,90.64,
Andorra,2008,,90.64,
Andorra,2009,,90.64,
Andorra,2010,,90.64,
Andorra,2011,,90.64,
Andorra,2012,,90.64,
Andorra,2013,,90.64,
Andorra,2014,,90.64,
Andorra,2015,,90.64,
Andorra,2016,,90.64,
Andorra,2017,,90.64,
Angola,2000,,,
Angola,2001,,,
Angola,2002,,,
Angola,2003,,,
Angola,2004,,,
Angola,2005,,,
Angola,2006,,,
Angola,2007,,,
Angola,2008,,,
Angola,2009,,,
Angola,2010,,,
Angola,2011,,,
Angola,2012,,,
Angola,2013,,,
Angola,2014,,,
Angola,2015,,,
Angola,2016,,,
Angola,2017,,,
Antigua and Barbuda,2000,,,
Antigua and Barbuda,2001,,,
Antigua and Barbuda,2002,,,
Antigua and Barbuda,2003,,,
Antigua and Barbuda,2004,,,
Antigua and Barbuda,2005,,,
Antigua and Barbuda,2006,,,
Antigua and Barbuda,2007,,,
Antigua and Barbuda,2008,,,
Antigua and Barbuda,2009,,,
Antigua and Barbuda,2010,,,
Antigua and Barbuda,2011,,,
Antigua and Barbuda,2012,,,
Antigua and Barbuda,2013,,,
Antigua and Barbuda,2014,,,
Antigua and Barbuda,2015,,,
Antigua and Barbuda,2016,,,
Antigua and Barbuda,2017,,,
Argentina,2000,,,
Argentina,2001,,,
Argentina,2002,,,
Argentina,2003,,,
Argentina,2004,,,
Argentina,2005,,,
Argentina,2006,,,
Argentina,2007,,,
Argentina,2008,,,
Argentina,2009,,,
Argentina,2010,,,
Argentina,2011,,,
Argentina,2012,,,
Argentina,2013,,,
Argentina,2014,,,
Argentina,2015,,,
Argentina,2016,,,
Argentina,2017,,,
Armenia,2000,,29.59756,
Armenia,2001,,29.74282,
Armenia,2002,,33.29816,
Armenia,2003,,36.84346,
Armenia,2004,,40.39033,
Armenia,2005,,43.93894,
Armenia,2006,,47.48906,
Armenia,2007,,51.04095,
Armenia,2008,,54.59447,
Armenia,2009,,58.14978,
Armenia,2010,,61.70686,
Armenia,2011,,65.26573,
Armenia,2012,,68.82645,
Armenia,2013,,72.391,
Armenia,2014,,75.96124,
Armenia,2015,,79.43497,
Armenia,2016,,83.00597,
Armenia,2017,,86.47636,
Australia,2000,,,98.16657
Australia,2001,,,98.16657
Australia,2002,,,98.16657
Australia,2003,,,98.22697
Australia,2004,,,98.28738
Australia,2005,,,98.34779
Australia,2006,,,98.40823
Australia,2007,,,98.46866
Australia,2008,,,98.52911
Australia,2009,,,98.58957
Australia,2010,,,98.65003
Australia,2011,,,98.71051
Australia,2012,,,98.771
Australia,2013,,,98.78088
Australia,2014,,,98.79077
Australia,2015,,,98.80065
Australia,2016,,,98.80065
Australia,2017,,,98.80065
Austria,2000,,97.71394,
Austria,2001,,97.79684,
Austria,2002,,97.87975,
Austria,2003,,97.96266,
Austria,2004,,98.04557,
Austria,2005,,98.12848,
Austria,2006,,98.21139,
Austria,2007,,98.2943,
Austria,2008,,98.37721,
Austria,2009,,98.46012,
Austria,2010,,98.54304,
Austria,2011,,98.62595,
Austria,2012,,98.70885,
Austria,2013,,98.79176,
Austria,2014,,98.87468,
Austria,2015,,98.90942,
Austria,2016,,98.90781,
Austria,2017,,98.9062,
Azerbaijan,2000,,49.67768,
Azerbaijan,2001,,50.13332,
Azerbaijan,2002,,50.58627,
Azerbaijan,2003,,51.03687,
Azerbaijan,2004,,53.46619,
Azerbaijan,2005,,55.92712,
Azerbaijan,2006,,58.41952,
Azerbaijan,2007,,60.94326,
Azerbaijan,2008,,63.49772,
Azerbaijan,2009,,66.08279,
Azerbaijan,2010,,68.70055,
Azerbaijan,2011,,70.32202,
Azerbaijan,2012,,70.85237,
Azerbaijan,2013,,71.38736,
Azerbaijan,2014,,71.92628,
Azerbaijan,2015,,72.46891,
Azerbaijan,2016,,73.015,
Azerbaijan,2017,,73.56433,
Bahamas,2000,,,
Bahamas,2001,,,
Bahamas,2002,,,
Bahamas,2003,,,
Bahamas,2004,,,
Bahamas,2005,,,
Bahamas,2006,,,
Bahamas,2007,,,
Bahamas,2008,,,
Bahamas,2009,,,
Bahamas,2010,,,
Bahamas,2011,,,
Bahamas,2012,,,
Bahamas,2013,,,
Bahamas,2014,,,
Bahamas,2015,,,
Bahamas,2016,,,
Bahamas,2017,,,
Bahrain,2000,,98.79928,
Bahrain,2001,,98.82163,
Bahrain,2002,,98.84398,
Bahrain,2003,,98.86634,
Bahrain,2004,,98.88869,
Bahrain,2005,,98.91106,
Bahrain,2006,,98.93342,
Bahrain,2007,,98.95218,
Bahrain,2008,,98.96217,
Bahrain,2009,,98.97216,
Bahrain,2010,,98.98215,
Bahrain,2011,,98.98326,
Bahrain,2012,,98.98326,
Bahrain,2013,,98.98326,
Bahrain,2014,,98.98326,
Bahrain,2015,,98.98326,
Bahrain,2016,,98.98326,
Bahrain,2017,,98.98326,
Bangladesh,2000,59.41035,55.9067,44.55809
Bangladesh,2001,59.53275,55.92532,44.56168
Bangladesh,2002,59.65515,55.91951,44.56528
Bangladesh,2003,59.77755,55.91014,44.56888
Bangladesh,2004,59.89995,55.89733,44.57248
Bangladesh,2005,60.02235,55.88136,44.57608
Bangladesh,2006,60.14475,55.86171,44.57968
Bangladesh,2007,60.26715,55.83849,44.58327
Bangladesh,2008,60.38955,55.81183,44.58688
Bangladesh,2009,60.51195,55.78184,44.59047
Bangladesh,2010,60.63435,55.74816,44.59407
Bangladesh,2011,60.75675,55.71107,44.59767
Bangladesh,2012,60.87915,55.67136,44.60127
Bangladesh,2013,61.00155,55.62967,44.60487
Bangladesh,2014,61.12395,55.58548,44.60847
Bangladesh,2015,61.24635,55.53946,44.61206
Bangladesh,2016,61.36875,55.49126,44.61566
Bangladesh,2017,61.49115,55.44123,44.61926
Barbados,2000,,,
Barbados,2001,,,
Barbados,2002,,,
Barbados,2003,,,
Barbados,2004,,,
Barbados,2005,,,
Barbados,2006,,,
Barbados,2007,,,
Barbados,2008,,,
Barbados,2009,,,
Barbados,2010,,,
Barbados,2011,,,
Barbados,2012,,,
Barbados,2013,,,
Barbados,2014,,,
Barbados,2015,,,
Barbados,2016,,,
Barbados,2017,,,
Belarus,2000,,80.62173,
Belarus,2001,,80.80693,
Belarus,2002,,80.9906,
Belarus,2003,,81.17236,
Belarus,2004,,82.53634,
Belarus,2005,,83.86742,
Belarus,2006,,85.16609,
Belarus,2007,,86.43282,
Belarus,2008,,87.6683,
Belarus,2009,,88.87239,
Belarus,2010,,90.05457,
Belarus,2011,,91.20509,
Belarus,2012,,92.32056,
Belarus,2013,,93.40166,
Belarus,2014,,94.44904,
Belarus,2015,,94.47331,
Belarus,2016,,94.49743,
Belarus,2017,,94.52139,
Belgium,2000,,99.52319,
Belgium,2001,,99.52318,
Belgium,2002,,99.52319,
Belgium,2003,,99.52319,
Belgium,2004,,99.52319,
Belgium,2005,,99.52319,
Belgium,2006,,99.52319,
Belgium,2007,,99.52319,
Belgium,2008,,99.52319,
Belgium,2009,,99.52319,
Belgium,2010,,99.52319,
Belgium,2011,,99.52319,
Belgium,2012,,99.52319,
Belgium,2013,,99.52319,
Belgium,2014,,99.52319,
Belgium,2015,,99.52319,
Belgium,2016,,99.52319,
Belgium,2017,,99.52319,
Belize,2000,,,
Belize,2001,,,
Belize,2002,,,
Belize,2003,,,
Belize,2004,,,
Belize,2005,,,
Belize,2006,,,
Belize,2007,,,
Belize,2008,,,
Belize,2009,,,
Belize,2010,,,
Belize,2011,,,
Belize,2012,,,
Belize,2013,,,
Belize,2014,,,
Belize,2015,,,
Belize,2016,,,
Belize,2017,,,
Benin,2000,,,
Benin,2001,,,
Benin,2002,,,
Benin,2003,,,
Benin,2004,,,
Benin,2005,,,
Benin,2006,,,
Benin,2007,,,
Benin,2008,,,
Benin,2009,,,
Benin,2010,,,
Benin,2011,,,
Benin,2012,,,
Benin,2013,,,
Benin,2014,,,
Benin,2015,,,
Benin,2016,,,
Benin,2017,,,
Bhutan,2000,21.73112,28.55129,48.56318
Bhutan,2001,22.11184,29.12169,48.5841
Bhutan,2002,22.49256,29.69176,48.60502
Bhutan,2003,22.87328,30.2612,48.62593
Bhutan,2004,23.25399,30.82995,48.64685
Bhutan,2005,23.63471,31.3862,48.66777
Bhutan,2006,24.01543,31.83981,48.68869
Bhutan,2007,24.39615,32.29049,48.7096
Bhutan,2008,24.77687,32.7381,48.73052
Bhutan,2009,25.15759,33.18185,48.75143
Bhutan,2010,25.5383,33.62213,48.77235
Bhutan,2011,25.91902,34.05882,48.79327
Bhutan,2012,26.29974,34.48847,48.81419
Bhutan,2013,26.68046,34.91069,48.8351
Bhutan,2014,27.06118,35.32534,48.85602
Bhutan,2015,27.42791,35.72396,48.87694
Bhutan,2016,27.6,35.99732,48.89785
Bhutan,2017,27.6,36.16311,48.91877
Bolivia (Plurinational State of),2000,,,
Bolivia (Plurinational State of),2001,,,
Bolivia (Plurinational State of),2002,,,
Bolivia (Plurinational State of),2003,,,
Bolivia (Plurinational State of),2004,,,
Bolivia (Plurinational State of),2005,,,
Bolivia (Plurinational State of),2006,,,
Bolivia (Plurinational State of),2007,,,
Bolivia (Plurinational State of),2008,,,
Bolivia (Plurinational State of),2009,,,
Bolivia (Plurinational State of),2010,,,
Bolivia (Plurinational State of),2011,,,
Bolivia (Plurinational State of),2012,,,
Bolivia (Plurinational State of),2013,,,
Bolivia (Plurinational State of),2014,,,
Bolivia (Plurinational State of),2015,,,
Bolivia (Plurinational State of),2016,,,
Bolivia (Plurinational State of),2017,,,
Bosnia and Herzegovina,2000,,87.34998,
Bosnia and Herzegovina,2001,,87.47272,
Bosnia and Herzegovina,2002,,87.59462,
Bosnia and Herzegovina,2003,,87.71558,
Bosnia and Herzegovina,2004,,87.83569,
Bosnia and Herzegovina,2005,,87.95483,
Bosnia and Herzegovina,2006,,88.07303,
Bosnia and Herzegovina,2007,,88.19037,
Bosnia and Herzegovina,2008,,88.30676,
Bosnia and Herzegovina,2009,,88.42222,
Bosnia and Herzegovina,2010,,88.53674,
Bosnia and Herzegovina,2011,,88.65034,
Bosnia and Herzegovina,2012,,88.70229,
Bosnia and Herzegovina,2013,,88.79768,
Bosnia and Herzegovina,2014,,88.81718,
Bosnia and Herzegovina,2015,,88.82513,
Bosnia and Herzegovina,2016,,88.83336,
Bosnia and Herzegovina,2017,,88.8419,
Botswana,2000,,,84.02139
Botswana,2001,,,83.94804
Botswana,2002,,,83.8747
Botswana,2003,,,83.80135
Botswana,2004,,,83.728
Botswana,2005,,,83.65466
Botswana,2006,,,84.03082
Botswana,2007,,,83.95708
Botswana,2008,,,83.88334
Botswana,2009,,,83.8096
Botswana,2010,,,83.73586
Botswana,2011,,,83.66212
Botswana,2012,,,83.58837
Botswana,2013,,,83.51463
Botswana,2014,,,83.44089
Botswana,2015,,,83.36715
Botswana,2016,,,83.29341
Botswana,2017,,,83.21967
Brazil,2000,,,91.21861
Brazil,2001,,,91.28107
Brazil,2002,,,91.34353
Brazil,2003,,,91.40599
Brazil,2004,,,91.46844
Brazil,2005,,,91.53091
Brazil,2006,,,91.59337
Brazil,2007,,,91.65583
Brazil,2008,,,91.71829
Brazil,2009,,,91.78075
Brazil,2010,,,91.84321
Brazil,2011,,,91.90567
Brazil,2012,,,91.96813
Brazil,2013,,,92.03059
Brazil,2014,,,92.09305
Brazil,2015,,,92.15551
Brazil,2016,,,92.21797
Brazil,2017,,,92.28043
Brunei Darussalam,2000,,,
Brunei Darussalam,2001,,,
Brunei Darussalam,2002,,,
Brunei Darussalam,2003,,,
Brunei Darussalam,2004,,,
Brunei Darussalam,2005,,,
Brunei Darussalam,2006,,,
Brunei Darussalam,2007,,,
Brunei Darussalam,2008,,,
Brunei Darussalam,2009,,,
Brunei Darussalam,2010,,,
Brunei Darussalam,2011,,,
Brunei Darussalam,2012,,,
Brunei Darussalam,2013,,,
Brunei Darussalam,2014,,,
Brunei Darussalam,2015,,,
Brunei Darussalam,2016,,,
Brunei Darussalam,2017,,,
Bulgaria,2000,,96.83743,
Bulgaria,2001,,96.83825,
Bulgaria,2002,,96.83501,
Bulgaria,2003,,96.80889,
Bulgaria,2004,,96.76394,
Bulgaria,2005,,96.71947,
Bulgaria,2006,,96.6755,
Bulgaria,2007,,96.632,
Bulgaria,2008,,96.589,
Bulgaria,2009,,96.70982,
Bulgaria,2010,,96.83096,
Bulgaria,2011,,96.95243,
Bulgaria,2012,,97.07426,
Bulgaria,2013,,97.03456,
Bulgaria,2014,,97.01165,
Bulgaria,2015,,96.98926,
Bulgaria,2016,,96.96734,
Bulgaria,2017,,96.94594,
Burkina Faso,2000,,,
Burkina Faso,2001,,,
Burkina Faso,2002,,,
Burkina Faso,2003,,,
Burkina Faso,2004,,,
Burkina Faso,2005,,,
Burkina Faso,2006,,,
Burkina Faso,2007,,,
Burkina Faso,2008,,,
Burkina Faso,2009,,,
Burkina Faso,2010,,,
Burkina Faso,2011,,,
Burkina Faso,2012,,,
Burkina Faso,2013,,,
Burkina Faso,2014,,,
Burkina Faso,2015,,,
Burkina Faso,2016,,,
Burkina Faso,2017,,,
Burundi,2000,,,
Burundi,2001,,,
Burundi,2002,,,
Burundi,2003,,,
Burundi,2004,,,
Burundi,2005,,,
Burundi,2006,,,
Burundi,2007,,,
Burundi,2008,,,
Burundi,2009,,,
Burundi,2010,,,
Burundi,2011,,,
Burundi,2012,,,
Burundi,2013,,,
Burundi,2014,,,
Burundi,2015,,,
Burundi,2016,,,
Burundi,2017,,,
Cabo Verde,2000,,,
Cabo Verde,2001,,,
Cabo Verde,2002,,,
Cabo Verde,2003,,,
Cabo Verde,2004,,,
Cabo Verde,2005,,,
Cabo Verde,2006,,,
Cabo Verde,2007,,,
Cabo Verde,2008,,,
Cabo Verde,2009,,,
Cabo Verde,2010,,,
Cabo Verde,2011,,,
Cabo Verde,2012,,,
Cabo Verde,2013,,,
Cabo Verde,2014,,,
Cabo Verde,2015,,,
Cabo Verde,2016,,,
Cabo Verde,2017,,,
Cambodia,2000,10.80921,16.87518,43.4465
Cambodia,2001,11.15437,17.3384,44.21877
Cambodia,2002,11.49953,17.80264,44.99103
Cambodia,2003,11.8447,18.26786,45.7633
Cambodia,2004,12.18986,18.73443,46.53556
Cambodia,2005,12.53502,19.20236,47.30783
Cambodia,2006,12.88019,19.6713,48.08009
Cambodia,2007,13.22535,20.14162,48.85236
Cambodia,2008,13.57051,20.62666,49.62462
Cambodia,2009,13.91568,21.18638,50.39688
Cambodia,2010,14.26084,21.75101,51.16915
Cambodia,2011,14.606,22.32062,51.94141
Cambodia,2012,14.95117,22.89527,52.71368
Cambodia,2013,15.29633,23.47464,53.48594
Cambodia,2014,15.64149,24.05955,54.25821
Cambodia,2015,15.98666,24.6497,55.03047
Cambodia,2016,16.33182,25.24514,55.80273
Cambodia,2017,16.67698,25.84555,56.575
Cameroon,2000,,,
Cameroon,2001,,,
Cameroon,2002,,,
Cameroon,2003,,,
Cameroon,2004,,,
Cameroon,2005,,,
Cameroon,2006,,,
Cameroon,2007,,,
Cameroon,2008,,,
Cameroon,2009,,,
Cameroon,2010,,,
Cameroon,2011,,,
Cameroon,2012,,,
Cameroon,2013,,,
Cameroon,2014,,,
Cameroon,2015,,,
Cameroon,2016,,,
Cameroon,2017,,,
Canada,2000,,98.21185,
Canada,2001,,98.21967,
Canada,2002,,98.22151,
Canada,2003,,98.22337,
Canada,2004,,98.22521,
Canada,2005,,98.27436,
Canada,2006,,98.32373,
Canada,2007,,98.37495,
Canada,2008,,98.42589,
Canada,2009,,98.47654,
Canada,2010,,98.52692,
Canada,2011,,98.57668,
Canada,2012,,98.62414,
Canada,2013,,98.67155,
Canada,2014,,98.71889,
Canada,2015,,98.76622,
Canada,2016,,98.8135,
Canada,2017,,98.86086,
Central African Republic,2000,,,
Central African Republic,2001,,,
Central African Republic,2002,,,
Central African Republic,2003,,,
Central African Republic,2004,,,
Central African Republic,2005,,,
Central African Republic,2006,,,
Central African Republic,2007,,,
Central African Republic,2008,,,
Central African Republic,2009,,,
Central African Republic,2010,,,
Central African Republic,2011,,,
Central African Republic,2012,,,
Central African Republic,2013,,,
Central African Republic,2014,,,
Central African Republic,2015,,,
Central African Republic,2016,,,
Central African Republic,2017,,,
Chad,2000,,,
Chad,2001,,,
Chad,2002,,,
Chad,2003,,,
Chad,2004,,,
Chad,2005,,,
Chad,2006,,,
Chad,2007,,,
Chad,2008,,,
Chad,2009,,,
Chad,2010,,,
Chad,2011,,,
Chad,2012,,,
Chad,2013,,,
Chad,2014,,,
Chad,2015,,,
Chad,2016,,,
Chad,2017,,,
Chile,2000,,91.96177,97.91734
Chile,2001,,92.49178,98.04008
Chile,2002,,92.99738,98.1629
Chile,2003,,93.4314,98.28579
Chile,2004,,93.86896,98.40875
Chile,2005,,94.30896,98.53179
Chile,2006,,94.75235,98.57747
Chile,2007,,95.19843,98.59498
Chile,2008,,95.6477,98.61246
Chile,2009,,96.09956,98.62991
Chile,2010,,96.55402,98.64731
Chile,2011,,97.01143,98.66469
Chile,2012,,97.47133,98.68203
Chile,2013,,97.93385,98.69933
Chile,2014,,98.31007,98.71043
Chile,2015,,98.4758,98.67714
Chile,2016,,98.46397,98.64385
Chile,2017,,98.63917,98.61056
China,2000,,,93.28438
China,2001,,,93.28438
China,2002,,,93.22449
China,2003,,,93.1646
China,2004,,,93.10471
China,2005,,,93.04483
China,2006,,,92.98494
China,2007,,,92.92506
China,2008,,,92.86517
China,2009,,,92.80527
China,2010,,,92.74539
China,2011,,,92.6855
China,2012,,,92.62562
China,2013,,,92.56573
China,2014,,,92.50584
China,2015,,,92.44595
China,2016,,,92.38606
China,2017,,,92.32618
Colombia,2000,32.90057,68.26307,80.71552
Colombia,2001,33.32154,68.64867,80.81765
Colombia,2002,33.74252,69.02969,80.91978
Colombia,2003,34.16349,69.40617,81.0219
Colombia,2004,34.58447,69.77769,81.12403
Colombia,2005,35.00544,70.14428,81.22616
Colombia,2006,35.42641,70.506,81.32829
Colombia,2007,35.84739,70.78502,81.32962
Colombia,2008,36.26836,71.05829,81.3307
Colombia,2009,36.68933,71.32587,81.33153
Colombia,2010,37.1103,71.58739,81.3321
Colombia,2011,37.53128,71.8429,81.33242
Colombia,2012,37.95225,72.09293,81.33249
Colombia,2013,38.37322,72.3371,81.33231
Colombia,2014,38.7942,72.57549,81.33187
Colombia,2015,39.21517,72.80859,81.33118
Colombia,2016,39.63614,72.99789,81.28211
Colombia,2017,40.05711,73.23343,81.29758
Comoros,2000,,,
Comoros,2001,,,
Comoros,2002,,,
Comoros,2003,,,
Comoros,2004,,,
Comoros,2005,,,
Comoros,2006,,,
Comoros,2007,,,
Comoros,2008,,,
Comoros,2009,,,
Comoros,2010,,,
Comoros,2011,,,
Comoros,2012,,,
Comoros,2013,,,
Comoros,2014,,,
Comoros,2015,,,
Comoros,2016,,,
Comoros,2017,,,
Congo,2000,6.94979,27.42229,41.82925
Congo,2001,6.94979,27.58308,41.82925
Congo,2002,6.94979,27.78181,41.89287
Congo,2003,6.94979,27.98041,41.95649
Congo,2004,7.66039,29.5764,43.86545
Congo,2005,8.39472,31.19525,45.77999
Congo,2006,9.15279,32.83666,47.70013
Congo,2007,9.93459,34.50071,49.62586
Congo,2008,10.74013,36.18792,51.55717
Congo,2009,11.56941,37.89809,53.49407
Congo,2010,12.42242,39.63144,55.43655
Congo,2011,13.29917,41.3869,57.38463
Congo,2012,14.19966,42.42858,58.19118
Congo,2013,15.12388,43.01324,58.27823
Congo,2014,16.07184,43.59852,58.36527
Congo,2015,17.04354,44.18409,58.45232
Congo,2016,18.03897,44.76963,58.53936
Congo,2017,19.05814,45.35481,58.6264
Cook Islands,2000,,,
Cook Islands,2001,,,
Cook Islands,2002,,,
Cook Islands,2003,,,
Cook Islands,2004,,,
Cook Islands,2005,,,
Cook Islands,2006,,,
Cook Islands,2007,,,
Cook Islands,2008,,,
Cook Islands,2009,,,
Cook Islands,2010,,,
Cook Islands,2011,,,
Cook Islands,2012,,,
Cook Islands,2013,,,
Cook Islands,2014,,,
Cook Islands,2015,,,
Cook Islands,2016,,,
Cook Islands,2017,,,
Costa Rica,2000,73.7723,86.7074,95.67689
Costa Rica,2001,74.43855,87.29669,95.72334
Costa Rica,2002,75.1048,87.86605,95.76979
Costa Rica,2003,75.77105,88.41556,95.81624
Costa Rica,2004,76.4373,88.94492,95.86269
Costa Rica,2005,77.10355,89.45356,95.90914
Costa Rica,2006,77.76981,89.94246,95.9556
Costa Rica,2007,78.43605,90.41149,96.00204
Costa Rica,2008,79.1023,90.86127,96.04849
Costa Rica,2009,79.76855,91.2909,96.09495
Costa Rica,2010,80.43481,91.70208,96.1414
Costa Rica,2011,81.10106,92.0945,96.18784
Costa Rica,2012,81.76731,92.46507,96.2343
Costa Rica,2013,82.43356,92.8148,96.28075
Costa Rica,2014,83.09981,93.14482,96.32719
Costa Rica,2015,83.76606,93.45603,96.37304
Costa Rica,2016,84.38499,93.7039,96.37304
Costa Rica,2017,84.38499,93.8028,96.37304
Croatia,2000,,88.89323,
Croatia,2001,,88.92982,
Croatia,2002,,89.5733,
Croatia,2003,,90.21497,
Croatia,2004,,90.83407,
Croatia,2005,,91.45103,
Croatia,2006,,92.0658,
Croatia,2007,,92.67835,
Croatia,2008,,93.28867,
Croatia,2009,,93.03062,
Croatia,2010,,92.61692,
Croatia,2011,,92.20157,
Croatia,2012,,91.78465,
Croatia,2013,,91.36607,
Croatia,2014,,90.94571,
Croatia,2015,,90.45261,
Croatia,2016,,89.95949,
Croatia,2017,,89.95941,
Cuba,2000,,,
Cuba,2001,,,
Cuba,2002,,,
Cuba,2003,,,
Cuba,2004,,,
Cuba,2005,,,
Cuba,2006,,,
Cuba,2007,,,
Cuba,2008,,,
Cuba,2009,,,
Cuba,2010,,,
Cuba,2011,,,
Cuba,2012,,,
Cuba,2013,,,
Cuba,2014,,,
Cuba,2015,,,
Cuba,2016,,,
Cuba,2017,,,
Cyprus,2000,,95.37882,
Cyprus,2001,,95.37888,
Cyprus,2002,,95.37884,
Cyprus,2003,,95.35601,
Cyprus,2004,,95.81745,
Cyprus,2005,,96.27544,
Cyprus,2006,,96.73055,
Cyprus,2007,,97.18542,
Cyprus,2008,,97.64004,
Cyprus,2009,,98.09441,
Cyprus,2010,,98.54854,
Cyprus,2011,,99.00242,
Cyprus,2012,,99.45607,
Cyprus,2013,,99.67228,
Cyprus,2014,,99.64268,
Cyprus,2015,,99.61307,
Cyprus,2016,,99.6132,
Cyprus,2017,,99.61329,
Czechia,2000,,96.32186,
Czechia,2001,,96.31792,
Czechia,2002,,96.43583,
Czechia,2003,,96.55407,
Czechia,2004,,96.67268,
Czechia,2005,,96.79166,
Czechia,2006,,96.91102,
Czechia,2007,,97.03072,
Czechia,2008,,97.15083,
Czechia,2009,,97.27128,
Czechia,2010,,97.39213,
Czechia,2011,,97.51334,
Czechia,2012,,97.63558,
Czechia,2013,,97.75822,
Czechia,2014,,97.88045,
Czechia,2015,,97.88072,
Czechia,2016,,97.881,
Czechia,2017,,97.88131,
Côte d'Ivoire,2000,15.87125,33.73684,57.26991
Côte d'Ivoire,2001,15.98236,33.91608,57.14495
Côte d'Ivoire,2002,16.09309,34.09397,57.01998
Côte d'Ivoire,2003,16.20344,34.27009,56.89502
Côte d'Ivoire,2004,16.31342,34.44487,56.77005
Côte d'Ivoire,2005,16.42301,34.61707,56.64508
Côte d'Ivoire,2006,16.53223,34.7875,56.52012
Côte d'Ivoire,2007,16.64107,34.95617,56.39515
Côte d'Ivoire,2008,16.74953,35.12308,56.27019
Côte d'Ivoire,2009,16.85761,35.28743,56.14522
Côte d'Ivoire,2010,16.96531,35.45002,56.02026
Côte d'Ivoire,2011,17.07263,35.61084,55.89529
Côte d'Ivoire,2012,17.17958,35.76951,55.77032
Côte d'Ivoire,2013,17.28614,35.92604,55.64536
Côte d'Ivoire,2014,17.39233,36.08042,55.52039
Côte d'Ivoire,2015,17.49814,36.23608,55.39543
Côte d'Ivoire,2016,17.60357,36.39219,55.27046
Côte d'Ivoire,2017,17.70862,36.5491,55.1455
Democratic People's Republic of Korea,2000,54.8,68.99947,78.7
Democratic People's Republic of Korea,2001,54.8,69.01835,78.7
Democratic People's Republic of Korea,2002,54.8,69.03723,78.7
Democratic People's Republic of Korea,2003,54.8,69.05587,78.7
Democratic People's Republic of Korea,2004,54.74012,69.03632,78.67603
Democratic People's Republic of Korea,2005,54.34626,68.82841,78.56187
Democratic People's Republic of Korea,2006,53.95241,68.62117,78.4477
Democratic People's Republic of Korea,2007,53.55856,68.41413,78.33354
Democratic People's Republic of Korea,2008,53.1647,68.20753,78.21938
Democratic People's Republic of Korea,2009,52.77085,68.02087,78.10522
Democratic People's Republic of Korea,2010,52.377,67.842,77.99106
Democratic People's Republic of Korea,2011,51.98314,67.66362,77.8769
Democratic People's Republic of Korea,2012,51.58929,67.48652,77.76273
Democratic People's Republic of Korea,2013,51.19544,67.31016,77.64857
Democratic People's Republic of Korea,2014,50.80158,67.1348,77.53441
Democratic People's Republic of Korea,2015,50.40773,66.96019,77.42025
Democratic People's Republic of Korea,2016,50.01388,66.79067,77.30609
Democratic People's Republic of Korea,2017,49.62002,66.62582,77.19193
Democratic Republic of the Congo,2000,,,
Democratic Republic of the Congo,2001,,,
Democratic Republic of the Congo,2002,,,
Democratic Republic of the Congo,2003,,,
Democratic Republic of the Congo,2004,,,
Democratic Republic of the Congo,2005,,,
Democratic Republic of the Congo,2006,,,
Democratic Republic of the Congo,2007,,,
Democratic Republic of the Congo,2008,,,
Democratic Republic of the Congo,2009,,,
Democratic Republic of the Congo,2010,,,
Democratic Republic of the Congo,2011,,,
Democratic Republic of the Congo,2012,,,
Democratic Republic of the Congo,2013,,,
Democratic Republic of the Congo,2014,,,
Democratic Republic of the Congo,2015,,,
Democratic Republic of the Congo,2016,,,
Democratic Republic of the Congo,2017,,,
Denmark,2000,,93.83339,
Denmark,2001,,93.83339,
Denmark,2002,,93.83339,
Denmark,2003,,93.8334,
Denmark,2004,,94.14477,
Denmark,2005,,94.45615,
Denmark,2006,,94.76752,
Denmark,2007,,95.0789,
Denmark,2008,,95.39029,
Denmark,2009,,95.70167,
Denmark,2010,,96.01305,
Denmark,2011,,96.32442,
Denmark,2012,,96.6358,
Denmark,2013,,96.73979,
Denmark,2014,,96.73849,
Denmark,2015,,96.73721,
Denmark,2016,,96.73594,
Denmark,2017,,96.73467,
Djibouti,2000,,,
Djibouti,2001,,,
Djibouti,2002,,,
Djibouti,2003,,,
Djibouti,2004,,,
Djibouti,2005,,,
Djibouti,2006,,,
Djibouti,2007,,,
Djibouti,2008,,,
Djibouti,2009,,,
Djibouti,2010,,,
Djibouti,2011,,,
Djibouti,2012,,,
Djibouti,2013,,,
Djibouti,2014,,,
Djibouti,2015,,,
Djibouti,2016,,,
Djibouti,2017,,,
Dominica,2000,,,
Dominica,2001,,,
Dominica,2002,,,
Dominica,2003,,,
Dominica,2004,,,
Dominica,2005,,,
Dominica,2006,,,
Dominica,2007,,,
Dominica,2008,,,
Dominica,2009,,,
Dominica,2010,,,
Dominica,2011,,,
Dominica,2012,,,
Dominica,2013,,,
Dominica,2014,,,
Dominica,2015,,,
Dominica,2016,,,
Dominica,2017,,,
Dominican Republic,2000,,,
Dominican Republic,2001,,,
Dominican Republic,2002,,,
Dominican Republic,2003,,,
Dominican Republic,2004,,,
Dominican Republic,2005,,,
Dominican Republic,2006,,,
Dominican Republic,2007,,,
Dominican Republic,2008,,,
Dominican Republic,2009,,,
Dominican Republic,2010,,,
Dominican Republic,2011,,,
Dominican Republic,2012,,,
Dominican Republic,2013,,,
Dominican Republic,2014,,,
Dominican Republic,2015,,,
Dominican Republic,2016,,,
Dominican Republic,2017,,,
Ecuador,2000,49.50854,66.22778,77.23576
Ecuador,2001,50.00194,66.85207,77.71642
Ecuador,2002,50.49533,67.42609,78.19708
Ecuador,2003,50.98874,67.96652,78.67773
Ecuador,2004,51.48214,68.5069,79.15839
Ecuador,2005,51.97553,69.04697,79.63905
Ecuador,2006,52.46893,69.5867,80.11971
Ecuador,2007,52.96233,70.12666,80.60037
Ecuador,2008,53.45573,70.66629,81.08103
Ecuador,2009,53.94913,71.2056,81.56168
Ecuador,2010,54.44253,71.74486,82.04234
Ecuador,2011,54.93592,72.27468,82.523
Ecuador,2012,55.42933,72.79785,83.00366
Ecuador,2013,55.92272,73.32098,83.48432
Ecuador,2014,56.41612,73.8438,83.96498
Ecuador,2015,56.90952,74.36687,84.44564
Ecuador,2016,57.40292,74.85141,84.86615
Ecuador,2017,57.89632,75.06802,84.86615
Egypt,2000,,,
Egypt,2001,,,
Egypt,2002,,,
Egypt,2003,,,
Egypt,2004,,,
Egypt,2005,,,
Egypt,2006,,,
Egypt,2007,,,
Egypt,2008,,,
Egypt,2009,,,
Egypt,2010,,,
Egypt,2011,,,
Egypt,2012,,,
Egypt,2013,,,
Egypt,2014,,,
Egypt,2015,,,
Egypt,2016,,,
Egypt,2017,,,
El Salvador,2000,,,86.18298
El Salvador,2001,,,86.18298
El Salvador,2002,,,85.09019
El Salvador,2003,,,83.99187
El Salvador,2004,,,82.88802
El Salvador,2005,,,81.77864
El Salvador,2006,,,80.66372
El Salvador,2007,,,79.54327
El Salvador,2008,,,78.41728
El Salvador,2009,,,77.28576
El Salvador,2010,,,76.1487
El Salvador,2011,,,76.31059
El Salvador,2012,,,76.47247
El Salvador,2013,,,76.63436
El Salvador,2014,,,76.79625
El Salvador,2015,,,76.95814
El Salvador,2016,,,77.12003
El Salvador,2017,,,77.28191
Equatorial Guinea,2000,,,
Equatorial Guinea,2001,,,
Equatorial Guinea,2002,,,
Equatorial Guinea,2003,,,
Equatorial Guinea,2004,,,
Equatorial Guinea,2005,,,
Equatorial Guinea,2006,,,
Equatorial Guinea,2007,,,
Equatorial Guinea,2008,,,
Equatorial Guinea,2009,,,
Equatorial Guinea,2010,,,
Equatorial Guinea,2011,,,
Equatorial Guinea,2012,,,
Equatorial Guinea,2013,,,
Equatorial Guinea,2014,,,
Equatorial Guinea,2015,,,
Equatorial Guinea,2016,,,
Equatorial Guinea,2017,,,
Eritrea,2000,,,
Eritrea,2001,,,
Eritrea,2002,,,
Eritrea,2003,,,
Eritrea,2004,,,
Eritrea,2005,,,
Eritrea,2006,,,
Eritrea,2007,,,
Eritrea,2008,,,
Eritrea,2009,,,
Eritrea,2010,,,
Eritrea,2011,,,
Eritrea,2012,,,
Eritrea,2013,,,
Eritrea,2014,,,
Eritrea,2015,,,
Eritrea,2016,,,
Eritrea,2017,,,
Estonia,2000,,93.22531,
Estonia,2001,,93.44939,
Estonia,2002,,93.67563,
Estonia,2003,,93.90388,
Estonia,2004,,94.13433,
Estonia,2005,,94.36696,
Estonia,2006,,94.60166,
Estonia,2007,,94.83858,
Estonia,2008,,95.07772,
Estonia,2009,,95.31908,
Estonia,2010,,95.37568,
Estonia,2011,,95.10062,
Estonia,2012,,94.82696,
Estonia,2013,,94.55417,
Estonia,2014,,94.28071,
Estonia,2015,,93.9648,
Estonia,2016,,93.64887,
Estonia,2017,,93.33299,
Eswatini,2000,,,67.34407
Eswatini,2001,,,68.8517
Eswatini,2002,,,70.37295
Eswatini,2003,,,71.90782
Eswatini,2004,,,73.45632
Eswatini,2005,,,75.01844
Eswatini,2006,,,76.59418
Eswatini,2007,,,78.18355
Eswatini,2008,,,79.78654
Eswatini,2009,,,81.40315
Eswatini,2010,,,83.03339
Eswatini,2011,,,84.67724
Eswatini,2012,,,86.33472
Eswatini,2013,,,87.21615
Eswatini,2014,,,87.72736
Eswatini,2015,,,88.23856
Eswatini,2016,,,88.74977
Eswatini,2017,,,88.74977
Ethiopia,2000,0.0,4.52877,30.72436
Ethiopia,2001,0.00109,4.92117,32.96203
Ethiopia,2002,0.08965,5.40116,35.2233
Ethiopia,2003,0.20443,5.6269,35.62231
Ethiopia,2004,0.34541,5.846,35.82396
Ethiopia,2005,0.51261,6.08815,36.02561
Ethiopia,2006,0.70601,6.35353,36.22726
Ethiopia,2007,0.92562,6.64733,36.42891
Ethiopia,2008,1.17145,7.02575,36.63055
Ethiopia,2009,1.44348,7.42772,36.8322
Ethiopia,2010,1.74173,7.85397,37.03385
Ethiopia,2011,2.06618,8.30346,37.2355
Ethiopia,2012,2.41685,8.77654,37.43715
Ethiopia,2013,2.79373,9.2662,37.63879
Ethiopia,2014,3.19681,9.77841,37.84044
Ethiopia,2015,3.62611,10.31244,38.04209
Ethiopia,2016,4.08161,10.86826,38.24374
Ethiopia,2017,4.56333,11.44477,38.44538
Fiji,2000,,,
Fiji,2001,,,
Fiji,2002,,,
Fiji,2003,,,
Fiji,2004,,,
Fiji,2005,,,
Fiji,2006,,,
Fiji,2007,,,
Fiji,2008,,,
Fiji,2009,,,
Fiji,2010,,,
Fiji,2011,,,
Fiji,2012,,,
Fiji,2013,,,
Fiji,2014,,,
Fiji,2015,,,
Fiji,2016,,,
Fiji,2017,,,
Finland,2000,,92.47527,
Finland,2001,,93.06813,
Finland,2002,,93.66098,
Finland,2003,,94.25384,
Finland,2004,,94.84669,
Finland,2005,,95.43954,
Finland,2006,,96.0324,
Finland,2007,,96.62525,
Finland,2008,,97.21811,
Finland,2009,,97.81097,
Finland,2010,,98.40381,
Finland,2011,,98.99667,
Finland,2012,,99.58952,
Finland,2013,,99.62812,
Finland,2014,,99.62937,
Finland,2015,,99.63062,
Finland,2016,,99.63187,
Finland,2017,,99.63313,
France,2000,,96.77525,
France,2001,,96.7835,
France,2002,,96.79159,
France,2003,,96.79951,
France,2004,,96.87717,
France,2005,,96.95467,
France,2006,,97.03204,
France,2007,,97.10927,
France,2008,,97.18636,
France,2009,,97.26331,
France,2010,,97.34013,
France,2011,,97.4168,
France,2012,,97.49334,
France,2013,,97.56973,
France,2014,,97.64396,
France,2015,,97.7139,
France,2016,,97.78383,
France,2017,,97.85376,
Gabon,2000,,,
Gabon,2001,,,
Gabon,2002,,,
Gabon,2003,,,
Gabon,2004,,,
Gabon,2005,,,
Gabon,2006,,,
Gabon,2007,,,
Gabon,2008,,,
Gabon,2009,,,
Gabon,2010,,,
Gabon,2011,,,
Gabon,2012,,,
Gabon,2013,,,
Gabon,2014,,,
Gabon,2015,,,
Gabon,2016,,,
Gabon,2017,,,
Gambia,2000,,,41.15992
Gambia,2001,,,42.9526
Gambia,2002,,,44.74736
Gambia,2003,,,46.5442
Gambia,2004,,,48.34313
Gambia,2005,,,50.14414
Gambia,2006,,,51.94724
Gambia,2007,,,53.75241
Gambia,2008,,,55.55967
Gambia,2009,,,57.36901
Gambia,2010,,,59.18044
Gambia,2011,,,60.99395
Gambia,2012,,,62.80954
Gambia,2013,,,64.62721
Gambia,2014,,,66.44697
Gambia,2015,,,68.26881
Gambia,2016,,,68.26881
Gambia,2017,,,68.26881
Georgia,2000,,74.5881,
Georgia,2001,,74.77414,
Georgia,2002,,74.98245,
Georgia,2003,,75.21508,
Georgia,2004,,75.83226,
Georgia,2005,,76.44949,
Georgia,2006,,77.06681,
Georgia,2007,,77.6842,
Georgia,2008,,78.08326,
Georgia,2009,,78.30735,
Georgia,2010,,78.52918,
Georgia,2011,,78.74872,
Georgia,2012,,78.96601,
Georgia,2013,,79.18097,
Georgia,2014,,79.39369,
Georgia,2015,,79.60415,
Georgia,2016,,79.81266,
Georgia,2017,,79.99468,
Germany,2000,,99.8,
Germany,2001,,99.8,
Germany,2002,,99.8,
Germany,2003,,99.8,
Germany,2004,,99.8,
Germany,2005,,99.8,
Germany,2006,,99.8,
Germany,2007,,99.8,
Germany,2008,,99.8,
Germany,2009,,99.8,
Germany,2010,,99.8,
Germany,2011,,99.8,
Germany,2012,,99.8,
Germany,2013,,99.8,
Germany,2014,,99.8,
Germany,2015,,99.8,
Germany,2016,,99.8,
Germany,2017,,99.8,
Ghana,2000,0.21877,13.0987,29.53865
Ghana,2001,0.22264,13.37315,29.70744
Ghana,2002,0.78205,14.58292,31.26437
Ghana,2003,1.36045,15.82424,32.83699
Ghana,2004,1.95782,17.09741,34.4253
Ghana,2005,2.57418,18.40112,36.02929
Ghana,2006,3.20952,19.73632,37.64897
Ghana,2007,3.86384,21.10264,39.28433
Ghana,2008,4.53714,22.50003,40.93537
Ghana,2009,5.22942,23.92735,42.6021
Ghana,2010,5.94068,25.38599,44.28451
Ghana,2011,6.67093,26.87477,45.98261
Ghana,2012,7.42015,28.3932,47.69639
Ghana,2013,8.18836,29.94032,49.42586
Ghana,2014,8.97555,31.51594,51.17101
Ghana,2015,9.78172,33.11989,52.93184
Ghana,2016,10.60687,34.752,54.70836
Ghana,2017,11.451,36.41161,56.50056
Greece,2000,,98.95221,
Greece,2001,,99.04154,
Greece,2002,,99.13505,
Greece,2003,,99.22662,
Greece,2004,,99.3163,
Greece,2005,,99.40405,
Greece,2006,,99.48994,
Greece,2007,,99.57397,
Greece,2008,,99.65621,
Greece,2009,,99.73662,
Greece,2010,,99.81525,
Greece,2011,,99.89214,
Greece,2012,,99.96731,
Greece,2013,,100.0,
Greece,2014,,99.99999,
Greece,2015,,100.0,
Greece,2016,,100.0,
Greece,2017,,100.0,
Grenada,2000,,78.71873,
Grenada,2001,,79.61002,
Grenada,2002,,80.50478,
Grenada,2003,,81.40298,
Grenada,2004,,82.30465,
Grenada,2005,,83.20976,
Grenada,2006,,84.11833,
Grenada,2007,,85.03035,
Grenada,2008,,85.94583,
Grenada,2009,,86.86475,
Grenada,2010,,87.11722,
Grenada,2011,,87.32885,
Grenada,2012,,87.4275,
Grenada,2013,,87.11526,
Grenada,2014,,87.11526,
Grenada,2015,,87.11526,
Grenada,2016,,87.11526,
Grenada,2017,,87.11526,
Guatemala,2000,39.47699,46.63568,55.26869
Guatemala,2001,39.86693,47.18518,55.89182
Guatemala,2002,40.25687,47.73734,56.51699
Guatemala,2003,40.64681,48.28807,57.1442
Guatemala,2004,41.03675,48.83873,57.77345
Guatemala,2005,41.42669,49.39161,58.40475
Guatemala,2006,41.81663,49.94688,59.03809
Guatemala,2007,42.20657,50.50474,59.67347
Guatemala,2008,42.5965,51.06522,60.31089
Guatemala,2009,42.98644,51.6278,60.95035
Guatemala,2010,43.37638,52.19322,61.59185
Guatemala,2011,43.76632,52.76095,62.2354
Guatemala,2012,44.15626,53.33138,62.88099
Guatemala,2013,44.5462,53.90662,63.52863
Guatemala,2014,44.93613,54.48679,64.1783
Guatemala,2015,45.32608,55.07239,64.83002
Guatemala,2016,45.71601,55.66295,65.48377
Guatemala,2017,46.10595,55.99078,65.61035
Guinea,2000,,,
Guinea,2001,,,
Guinea,2002,,,
Guinea,2003,,,
Guinea,2004,,,
Guinea,2005,,,
Guinea,2006,,,
Guinea,2007,,,
Guinea,2008,,,
Guinea,2009,,,
Guinea,2010,,,
Guinea,2011,,,
Guinea,2012,,,
Guinea,2013,,,
Guinea,2014,,,
Guinea,2015,,,
Guinea,2016,,,
Guinea,2017,,,
Guinea-Bissau,2000,,,
Guinea-Bissau,2001,,,
Guinea-Bissau,2002,,,
Guinea-Bissau,2003,,,
Guinea-Bissau,2004,,,
Guinea-Bissau,2005,,,
Guinea-Bissau,2006,,,
Guinea-Bissau,2007,,,
Guinea-Bissau,2008,,,
Guinea-Bissau,2009,,,
Guinea-Bissau,2010,,,
Guinea-Bissau,2011,,,
Guinea-Bissau,2012,,,
Guinea-Bissau,2013,,,
Guinea-Bissau,2014,,,
Guinea-Bissau,2015,,,
Guinea-Bissau,2016,,,
Guinea-Bissau,2017,,,
Guyana,2000,,,
Guyana,2001,,,
Guyana,2002,,,
Guyana,2003,,,
Guyana,2004,,,
Guyana,2005,,,
Guyana,2006,,,
Guyana,2007,,,
Guyana,2008,,,
Guyana,2009,,,
Guyana,2010,,,
Guyana,2011,,,
Guyana,2012,,,
Guyana,2013,,,
Guyana,2014,,,
Guyana,2015,,,
Guyana,2016,,,
Guyana,2017,,,
Haiti,2000,,,
Haiti,2001,,,
Haiti,2002,,,
Haiti,2003,,,
Haiti,2004,,,
Haiti,2005,,,
Haiti,2006,,,
Haiti,2007,,,
Haiti,2008,,,
Haiti,2009,,,
Haiti,2010,,,
Haiti,2011,,,
Haiti,2012,,,
Haiti,2013,,,
Haiti,2014,,,
Haiti,2015,,,
Haiti,2016,,,
Haiti,2017,,,
Honduras,2000,15.72891,,
Honduras,2001,15.89229,,
Honduras,2002,16.05567,,
Honduras,2003,16.21904,,
Honduras,2004,16.38242,,
Honduras,2005,16.5458,,
Honduras,2006,16.70917,,
Honduras,2007,16.87255,,
Honduras,2008,17.03593,,
Honduras,2009,17.1993,,
Honduras,2010,17.36268,,
Honduras,2011,17.52606,,
Honduras,2012,17.68943,,
Honduras,2013,17.85281,,
Honduras,2014,18.01619,,
Honduras,2015,18.17957,,
Honduras,2016,18.34294,,
Honduras,2017,18.50632,,
Hungary,2000,,50.50587,
Hungary,2001,,50.50592,
Hungary,2002,,50.5065,
Hungary,2003,,50.50671,
Hungary,2004,,53.29515,
Hungary,2005,,56.08366,
Hungary,2006,,58.87222,
Hungary,2007,,61.66081,
Hungary,2008,,64.44942,
Hungary,2009,,67.23807,
Hungary,2010,,70.02669,
Hungary,2011,,72.81534,
Hungary,2012,,75.60391,
Hungary,2013,,78.39247,
Hungary,2014,,81.18105,
Hungary,2015,,83.96964,
Hungary,2016,,86.75824,
Hungary,2017,,89.57276,
Iceland,2000,,89.53967,
Iceland,2001,,90.16659,
Iceland,2002,,90.79351,
Iceland,2003,,91.42043,
Iceland,2004,,92.04736,
Iceland,2005,,92.67429,
Iceland,2006,,93.30121,
Iceland,2007,,93.92813,
Iceland,2008,,94.55505,
Iceland,2009,,95.18198,
Iceland,2010,,95.8089,
Iceland,2011,,96.43582,
Iceland,2012,,97.06274,
Iceland,2013,,97.68967,
Iceland,2014,,98.3166,
Iceland,2015,,98.94352,
Iceland,2016,,99.57044,
Iceland,2017,,100.0,
India,2000,19.63197,,
India,2001,21.54124,,
India,2002,23.47924,,
India,2003,25.44596,,
India,2004,27.44141,,
India,2005,29.46557,,
India,2006,31.51847,,
India,2007,33.60008,,
India,2008,35.71042,,
India,2009,37.84948,,
India,2010,40.01727,,
India,2011,42.21378,,
India,2012,44.43902,,
India,2013,46.69297,,
India,2014,48.97566,,
India,2015,51.28706,,
India,2016,53.62719,,
India,2017,55.99605,,
Indonesia,2000,,,
Indonesia,2001,,,
Indonesia,2002,,,
Indonesia,2003,,,
Indonesia,2004,,,
Indonesia,2005,,,
Indonesia,2006,,,
Indonesia,2007,,,
Indonesia,2008,,,
Indonesia,2009,,,
Indonesia,2010,,,
Indonesia,2011,,,
Indonesia,2012,,,
Indonesia,2013,,,
Indonesia,2014,,,
Indonesia,2015,,,
Indonesia,2016,,,
Indonesia,2017,,,
Iran (Islamic Republic of),2000,83.30123,91.07142,95.43419
Iran (Islamic Republic of),2001,83.30123,91.15829,95.43419
Iran (Islamic Republic of),2002,83.30123,91.24444,95.43419
Iran (Islamic Republic of),2003,83.30123,91.32986,95.43419
Iran (Islamic Republic of),2004,83.30123,91.41442,95.43419
Iran (Islamic Republic of),2005,83.23469,91.43821,95.37762
Iran (Islamic Republic of),2006,83.16814,91.46117,95.32104
Iran (Islamic Republic of),2007,83.10161,91.47744,95.26447
Iran (Islamic Republic of),2008,83.03506,91.49007,95.20789
Iran (Islamic Republic of),2009,82.96852,91.50197,95.15132
Iran (Islamic Republic of),2010,82.90199,91.51324,95.09475
Iran (Islamic Republic of),2011,82.83544,91.52379,95.03818
Iran (Islamic Republic of),2012,82.76891,91.53213,94.98161
Iran (Islamic Republic of),2013,82.70236,91.53874,94.92503
Iran (Islamic Republic of),2014,82.70236,91.60413,94.92503
Iran (Islamic Republic of),2015,82.70236,91.66867,94.92503
Iran (Islamic Republic of),2016,82.70236,91.73247,94.92503
Iran (Islamic Republic of),2017,82.70236,91.7953,94.92503
Iraq,2000,27.08165,50.03514,60.59235
Iraq,2001,28.22016,50.55137,60.79669
Iraq,2002,29.35867,51.0666,61.00104
Iraq,2003,30.49718,51.58082,61.20538
Iraq,2004,31.63569,52.09403,61.40973
Iraq,2005,32.79097,52.61147,61.61407
Iraq,2006,33.93006,53.12255,61.81842
Iraq,2007,35.06916,53.63292,62.02277
Iraq,2008,36.20825,54.14227,62.22711
Iraq,2009,37.34734,54.65036,62.43146
Iraq,2010,38.48644,55.17437,62.6358
Iraq,2011,39.62553,55.70583,62.84015
Iraq,2012,40.76463,56.23398,63.04449
Iraq,2013,41.90372,56.75885,63.24884
Iraq,2014,43.04281,57.28068,63.45318
Iraq,2015,44.18191,57.79946,63.65753
Iraq,2016,45.321,58.31704,63.86187
Iraq,2017,46.46009,58.83333,64.06622
Ireland,2000,,93.0507,
Ireland,2001,,93.33542,
Ireland,2002,,93.61999,
Ireland,2003,,93.9043,
Ireland,2004,,94.18845,
Ireland,2005,,94.47247,
Ireland,2006,,94.75644,
Ireland,2007,,95.04066,
Ireland,2008,,95.32479,
Ireland,2009,,95.60884,
Ireland,2010,,95.89279,
Ireland,2011,,96.17666,
Ireland,2012,,96.46043,
Ireland,2013,,96.7441,
Ireland,2014,,97.02768,
Ireland,2015,,97.29984,
Ireland,2016,,97.31146,
Ireland,2017,,97.32282,
Israel,2000,99.96265,99.91615,99.91167
Israel,2001,99.96265,99.91612,99.91167
Israel,2002,99.96265,99.91609,99.91167
Israel,2003,99.96265,99.91605,99.91167
Israel,2004,99.96265,99.91603,99.91167
Israel,2005,99.96265,99.916,99.91167
Israel,2006,99.96265,99.91596,99.91167
Israel,2007,99.96265,99.91593,99.91167
Israel,2008,99.88624,99.86237,99.86021
Israel,2009,99.80981,99.80883,99.80874
Israel,2010,99.73339,99.75533,99.75728
Israel,2011,99.65697,99.70185,99.70581
Israel,2012,99.58055,99.64841,99.65434
Israel,2013,99.50413,99.59501,99.60288
Israel,2014,99.42771,99.54165,99.55141
Israel,2015,99.35129,99.48833,99.49995
Israel,2016,99.27486,99.43504,99.44849
Israel,2017,99.19845,99.38181,99.39702
Italy,2000,,86.4651,
Italy,2001,,87.03429,
Italy,2002,,87.59677,
Italy,2003,,88.12537,
Italy,2004,,88.65348,
Italy,2005,,89.18107,
Italy,2006,,89.70815,
Italy,2007,,90.23472,
Italy,2008,,90.76079,
Italy,2009,,91.28634,
Italy,2010,,91.81139,
Italy,2011,,92.33593,
Italy,2012,,92.86005,
Italy,2013,,93.38371,
Italy,2014,,93.90689,
Italy,2015,,94.47314,
Italy,2016,,95.03938,
Italy,2017,,95.03961,
Jamaica,2000,,,
Jamaica,2001,,,
Jamaica,2002,,,
Jamaica,2003,,,
Jamaica,2004,,,
Jamaica,2005,,,
Jamaica,2006,,,
Jamaica,2007,,,
Jamaica,2008,,,
Jamaica,2009,,,
Jamaica,2010,,,
Jamaica,2011,,,
Jamaica,2012,,,
Jamaica,2013,,,
Jamaica,2014,,,
Jamaica,2015,,,
Jamaica,2016,,,
Jamaica,2017,,,
Japan,2000,,97.86467,
Japan,2001,,97.86467,
Japan,2002,,97.86467,
Japan,2003,,97.86467,
Japan,2004,,97.86467,
Japan,2005,,97.90996,
Japan,2006,,97.95525,
Japan,2007,,98.00053,
Japan,2008,,98.04584,
Japan,2009,,98.09113,
Japan,2010,,98.13644,
Japan,2011,,98.18176,
Japan,2012,,98.22707,
Japan,2013,,98.27238,
Japan,2014,,98.31771,
Japan,2015,,98.36304,
Japan,2016,,98.40837,
Japan,2017,,98.4537,
Jordan,2000,,93.95779,
Jordan,2001,,93.923,
Jordan,2002,,93.8882,
Jordan,2003,,93.85337,
Jordan,2004,,93.81858,
Jordan,2005,,93.82613,
Jordan,2006,,93.84554,
Jordan,2007,,93.86185,
Jordan,2008,,93.87525,
Jordan,2009,,93.88553,
Jordan,2010,,93.89304,
Jordan,2011,,93.89775,
Jordan,2012,,93.89987,
Jordan,2013,,93.89931,
Jordan,2014,,93.89637,
Jordan,2015,,93.87062,
Jordan,2016,,93.84464,
Jordan,2017,,93.81834,
Kazakhstan,2000,,57.54806,
Kazakhstan,2001,,57.78784,
Kazakhstan,2002,,59.68283,
Kazakhstan,2003,,61.59482,
Kazakhstan,2004,,63.52372,
Kazakhstan,2005,,65.46944,
Kazakhstan,2006,,67.43186,
Kazakhstan,2007,,69.4109,
Kazakhstan,2008,,71.40648,
Kazakhstan,2009,,73.41849,
Kazakhstan,2010,,75.44648,
Kazakhstan,2011,,77.4911,
Kazakhstan,2012,,79.55186,
Kazakhstan,2013,,81.5865,
Kazakhstan,2014,,83.54642,
Kazakhstan,2015,,85.52089,
Kazakhstan,2016,,87.50956,
Kazakhstan,2017,,89.51225,
Kenya,2000,,,62.14936
Kenya,2001,,,62.03724
Kenya,2002,,,62.70618
Kenya,2003,,,62.02045
Kenya,2004,,,61.14448
Kenya,2005,,,60.27129
Kenya,2006,,,59.40088
Kenya,2007,,,58.53324
Kenya,2008,,,57.66837
Kenya,2009,,,56.80629
Kenya,2010,,,55.94697
Kenya,2011,,,55.09043
Kenya,2012,,,54.23666
Kenya,2013,,,53.38567
Kenya,2014,,,52.53746
Kenya,2015,,,51.69202
Kenya,2016,,,50.84935
Kenya,2017,,,50.00946
Kiribati,2000,,,
Kiribati,2001,,,
Kiribati,2002,,,
Kiribati,2003,,,
Kiribati,2004,,,
Kiribati,2005,,,
Kiribati,2006,,,
Kiribati,2007,,,
Kiribati,2008,,,
Kiribati,2009,,,
Kiribati,2010,,,
Kiribati,2011,,,
Kiribati,2012,,,
Kiribati,2013,,,
Kiribati,2014,,,
Kiribati,2015,,,
Kiribati,2016,,,
Kiribati,2017,,,
Kuwait,2000,,100.0,
Kuwait,2001,,100.0,
Kuwait,2002,,100.0,
Kuwait,2003,,100.0,
Kuwait,2004,,100.0,
Kuwait,2005,,100.0,
Kuwait,2006,,100.0,
Kuwait,2007,,100.0,
Kuwait,2008,,100.0,
Kuwait,2009,,100.0,
Kuwait,2010,,100.0,
Kuwait,2011,,100.0,
Kuwait,2012,,100.0,
Kuwait,2013,,100.0,
Kuwait,2014,,100.0,
Kuwait,2015,,100.0,
Kuwait,2016,,100.0,
Kuwait,2017,,100.0,
Kyrgyzstan,2000,27.76875,46.35088,80.41232
Kyrgyzstan,2001,27.76875,46.34982,80.41232
Kyrgyzstan,2002,28.01823,46.57822,80.60356
Kyrgyzstan,2003,28.26772,46.80611,80.7948
Kyrgyzstan,2004,28.51721,47.03451,80.98605
Kyrgyzstan,2005,30.47124,48.679,82.06591
Kyrgyzstan,2006,32.45483,50.34464,83.14997
Kyrgyzstan,2007,34.46799,52.03041,84.23821
Kyrgyzstan,2008,36.51071,53.73682,85.33064
Kyrgyzstan,2009,38.583,55.46437,86.42725
Kyrgyzstan,2010,40.68486,57.22332,87.52806
Kyrgyzstan,2011,42.81629,59.01343,88.63305
Kyrgyzstan,2012,44.97728,60.83437,89.74223
Kyrgyzstan,2013,47.16784,62.68441,90.85559
Kyrgyzstan,2014,49.38795,64.55478,91.94955
Kyrgyzstan,2015,51.63765,66.33919,92.7298
Kyrgyzstan,2016,53.9169,68.1477,93.50848
Kyrgyzstan,2017,53.9169,68.22332,93.50848
Lao People's Democratic Republic,2000,0.47266,5.08624,21.46546
Lao People's Democratic Republic,2001,2.4021,6.85009,21.74709
Lao People's Democratic Republic,2002,4.53587,8.74185,22.02872
Lao People's Democratic Republic,2003,6.4067,10.40265,22.31034
Lao People's Democratic Republic,2004,6.71735,10.88317,22.59198
Lao People's Democratic Republic,2005,7.02799,11.33578,22.87361
Lao People's Democratic Republic,2006,7.33863,11.72742,23.15524
Lao People's Democratic Republic,2007,7.64927,12.11969,23.43686
Lao People's Democratic Republic,2008,7.95992,12.51304,23.71849
Lao People's Democratic Republic,2009,8.27056,12.90685,24.00012
Lao People's Democratic Republic,2010,8.5812,13.30142,24.28176
Lao People's Democratic Republic,2011,8.89184,13.69674,24.56339
Lao People's Democratic Republic,2012,9.20249,14.09297,24.84501
Lao People's Democratic Republic,2013,9.51313,14.48947,25.12664
Lao People's Democratic Republic,2014,9.82377,14.88671,25.40827
Lao People's Democratic Republic,2015,10.13441,15.28452,25.6899
Lao People's Democratic Republic,2016,10.44506,15.68307,25.97153
Lao People's Democratic Republic,2017,10.7557,16.08187,26.25316
Latvia,2000,,92.79144,
Latvia,2001,,92.77224,
Latvia,2002,,92.79999,
Latvia,2003,,92.83607,
Latvia,2004,,92.89632,
Latvia,2005,,92.95632,
Latvia,2006,,92.98924,
Latvia,2007,,93.17592,
Latvia,2008,,93.36407,
Latvia,2009,,93.55994,
Latvia,2010,,93.76279,
Latvia,2011,,93.96592,
Latvia,2012,,94.16918,
Latvia,2013,,94.37258,
Latvia,2014,,94.57601,
Latvia,2015,,94.77968,
Latvia,2016,,94.98471,
Latvia,2017,,95.19086,
Lebanon,2000,,43.98826,
Lebanon,2001,,44.22397,
Lebanon,2002,,44.45968,
Lebanon,2003,,44.69539,
Lebanon,2004,,44.93111,
Lebanon,2005,,45.16682,
Lebanon,2006,,45.40253,
Lebanon,2007,,45.63824,
Lebanon,2008,,45.87395,
Lebanon,2009,,46.10966,
Lebanon,2010,,46.34537,
Lebanon,2011,,46.58109,
Lebanon,2012,,46.8168,
Lebanon,2013,,47.05251,
Lebanon,2014,,47.28822,
Lebanon,2015,,47.52393,
Lebanon,2016,,47.7,
Lebanon,2017,,47.7,
Lesotho,2000,,,
Lesotho,2001,,,
Lesotho,2002,,,
Lesotho,2003,,,
Lesotho,2004,,,
Lesotho,2005,,,
Lesotho,2006,,,
Lesotho,2007,,,
Lesotho,2008,,,
Lesotho,2009,,,
Lesotho,2010,,,
Lesotho,2011,,,
Lesotho,2012,,,
Lesotho,2013,,,
Lesotho,2014,,,
Lesotho,2015,,,
Lesotho,2016,,,
Lesotho,2017,,,
Liberia,2000,,,
Liberia,2001,,,
Liberia,2002,,,
Liberia,2003,,,
Liberia,2004,,,
Liberia,2005,,,
Liberia,2006,,,
Liberia,2007,,,
Liberia,2008,,,
Liberia,2009,,,
Liberia,2010,,,
Liberia,2011,,,
Liberia,2012,,,
Liberia,2013,,,
Liberia,2014,,,
Liberia,2015,,,
Liberia,2016,,,
Liberia,2017,,,
Libya,2000,,,
Libya,2001,,,
Libya,2002,,,
Libya,2003,,,
Libya,2004,,,
Libya,2005,,,
Libya,2006,,,
Libya,2007,,,
Libya,2008,,,
Libya,2009,,,
Libya,2010,,,
Libya,2011,,,
Libya,2012,,,
Libya,2013,,,
Libya,2014,,,
Libya,2015,,,
Libya,2016,,,
Libya,2017,,,
Lithuania,2000,,68.65453,
Lithuania,2001,,68.99689,
Lithuania,2002,,69.33652,
Lithuania,2003,,69.6773,
Lithuania,2004,,71.37566,
Lithuania,2005,,73.09937,
Lithuania,2006,,74.84776,
Lithuania,2007,,76.60926,
Lithuania,2008,,78.38383,
Lithuania,2009,,80.16235,
Lithuania,2010,,81.94576,
Lithuania,2011,,83.75119,
Lithuania,2012,,85.5846,
Lithuania,2013,,87.43019,
Lithuania,2014,,89.28796,
Lithuania,2015,,91.15781,
Lithuania,2016,,91.60094,
Lithuania,2017,,92.04286,
Luxembourg,2000,100.0,100.0,100.0
Luxembourg,2001,100.0,100.0,100.0
Luxembourg,2002,100.0,100.0,100.0
Luxembourg,2003,100.0,100.0,100.0
Luxembourg,2004,100.0,100.0,100.0
Luxembourg,2005,100.0,100.0,100.0
Luxembourg,2006,100.0,100.0,100.0
Luxembourg,2007,100.0,100.0,100.0
Luxembourg,2008,100.0,100.0,100.0
Luxembourg,2009,100.0,100.0,100.0
Luxembourg,2010,100.0,100.0,100.0
Luxembourg,2011,100.0,100.0,100.0
Luxembourg,2012,99.58131,99.95499,100.0
Luxembourg,2013,99.06866,99.9029,100.0
Luxembourg,2014,98.55731,99.85406,100.0
Luxembourg,2015,98.04724,99.80822,100.0
Luxembourg,2016,97.53845,99.76517,100.0
Luxembourg,2017,97.03095,99.72468,100.0
Madagascar,2000,,,
Madagascar,2001,,,
Madagascar,2002,,,
Madagascar,2003,,,
Madagascar,2004,,,
Madagascar,2005,,,
Madagascar,2006,,,
Madagascar,2007,,,
Madagascar,2008,,,
Madagascar,2009,,,
Madagascar,2010,,,
Madagascar,2011,,,
Madagascar,2012,,,
Madagascar,2013,,,
Madagascar,2014,,,
Madagascar,2015,,,
Madagascar,2016,,,
Madagascar,2017,,,
Malawi,2000,,,
Malawi,2001,,,
Malawi,2002,,,
Malawi,2003,,,
Malawi,2004,,,
Malawi,2005,,,
Malawi,2006,,,
Malawi,2007,,,
Malawi,2008,,,
Malawi,2009,,,
Malawi,2010,,,
Malawi,2011,,,
Malawi,2012,,,
Malawi,2013,,,
Malawi,2014,,,
Malawi,2015,,,
Malawi,2016,,,
Malawi,2017,,,
Malaysia,2000,,93.02483,
Malaysia,2001,,93.13538,
Malaysia,2002,,93.13565,
Malaysia,2003,,93.13946,
Malaysia,2004,,93.14672,
Malaysia,2005,,93.15688,
Malaysia,2006,,93.17019,
Malaysia,2007,,93.18643,
Malaysia,2008,,93.20554,
Malaysia,2009,,93.22699,
Malaysia,2010,,93.25095,
Malaysia,2011,,93.25924,
Malaysia,2012,,93.26659,
Malaysia,2013,,93.2757,
Malaysia,2014,,93.28694,
Malaysia,2015,,93.29981,
Malaysia,2016,,93.31452,
Malaysia,2017,,93.32928,
Maldives,2000,,,
Maldives,2001,,,
Maldives,2002,,,
Maldives,2003,,,
Maldives,2004,,,
Maldives,2005,,,
Maldives,2006,,,
Maldives,2007,,,
Maldives,2008,,,
Maldives,2009,,,
Maldives,2010,,,
Maldives,2011,,,
Maldives,2012,,,
Maldives,2013,,,
Maldives,2014,,,
Maldives,2015,,,
Maldives,2016,,,
Maldives,2017,,,
Mali,2000,,,
Mali,2001,,,
Mali,2002,,,
Mali,2003,,,
Mali,2004,,,
Mali,2005,,,
Mali,2006,,,
Mali,2007,,,
Mali,2008,,,
Mali,2009,,,
Mali,2010,,,
Mali,2011,,,
Mali,2012,,,
Mali,2013,,,
Mali,2014,,,
Mali,2015,,,
Mali,2016,,,
Mali,2017,,,
Malta,2000,,100.0,
Malta,2001,,100.0,
Malta,2002,,100.0,
Malta,2003,,100.0,
Malta,2004,,100.0,
Malta,2005,,100.0,
Malta,2006,,100.0,
Malta,2007,,100.0,
Malta,2008,,100.0,
Malta,2009,,100.0,
Malta,2010,,100.0,
Malta,2011,,100.0,
Malta,2012,,100.0,
Malta,2013,,100.0,
Malta,2014,,100.0,
Malta,2015,,100.0,
Malta,2016,,100.0,
Malta,2017,,100.0,
Marshall Islands,2000,,,
Marshall Islands,2001,,,
Marshall Islands,2002,,,
Marshall Islands,2003,,,
Marshall Islands,2004,,,
Marshall Islands,2005,,,
Marshall Islands,2006,,,
Marshall Islands,2007,,,
Marshall Islands,2008,,,
Marshall Islands,2009,,,
Marshall Islands,2010,,,
Marshall Islands,2011,,,
Marshall Islands,2012,,,
Marshall Islands,2013,,,
Marshall Islands,2014,,,
Marshall Islands,2015,,,
Marshall Islands,2016,,,
Marshall Islands,2017,,,
Mauritania,2000,,,
Mauritania,2001,,,
Mauritania,2002,,,
Mauritania,2003,,,
Mauritania,2004,,,
Mauritania,2005,,,
Mauritania,2006,,,
Mauritania,2007,,,
Mauritania,2008,,,
Mauritania,2009,,,
Mauritania,2010,,,
Mauritania,2011,,,
Mauritania,2012,,,
Mauritania,2013,,,
Mauritania,2014,,,
Mauritania,2015,,,
Mauritania,2016,,,
Mauritania,2017,,,
Mauritius,2000,,,
Mauritius,2001,,,
Mauritius,2002,,,
Mauritius,2003,,,
Mauritius,2004,,,
Mauritius,2005,,,
Mauritius,2006,,,
Mauritius,2007,,,
Mauritius,2008,,,
Mauritius,2009,,,
Mauritius,2010,,,
Mauritius,2011,,,
Mauritius,2012,,,
Mauritius,2013,,,
Mauritius,2014,,,
Mauritius,2015,,,
Mauritius,2016,,,
Mauritius,2017,,,
Mexico,2000,,38.90113,
Mexico,2001,,39.1558,
Mexico,2002,,39.40786,
Mexico,2003,,39.65736,
Mexico,2004,,39.90437,
Mexico,2005,,40.14882,
Mexico,2006,,40.39079,
Mexico,2007,,40.63027,
Mexico,2008,,40.8674,
Mexico,2009,,41.10212,
Mexico,2010,,41.3345,
Mexico,2011,,41.56474,
Mexico,2012,,41.79271,
Mexico,2013,,42.01851,
Mexico,2014,,42.24212,
Mexico,2015,,42.46352,
Mexico,2016,,42.68274,
Mexico,2017,,42.87031,
Micronesia (Federated States of),2000,,,
Micronesia (Federated States of),2001,,,
Micronesia (Federated States of),2002,,,
Micronesia (Federated States of),2003,,,
Micronesia (Federated States of),2004,,,
Micronesia (Federated States of),2005,,,
Micronesia (Federated States of),2006,,,
Micronesia (Federated States of),2007,,,
Micronesia (Federated States of),2008,,,
Micronesia (Federated States of),2009,,,
Micronesia (Federated States of),2010,,,
Micronesia (Federated States of),2011,,,
Micronesia (Federated States of),2012,,,
Micronesia (Federated States of),2013,,,
Micronesia (Federated States of),2014,,,
Micronesia (Federated States of),2015,,,
Micronesia (Federated States of),2016,,,
Micronesia (Federated States of),2017,,,
Monaco,2000,,100.0,100.0
Monaco,2001,,100.0,100.0
Monaco,2002,,100.0,100.0
Monaco,2003,,100.0,100.0
Monaco,2004,,100.0,100.0
Monaco,2005,,100.0,100.0
Monaco,2006,,100.0,100.0
Monaco,2007,,100.0,100.0
Monaco,2008,,100.0,100.0
Monaco,2009,,100.0,100.0
Monaco,2010,,100.0,100.0
Monaco,2011,,100.0,100.0
Monaco,2012,,100.0,100.0
Monaco,2013,,100.0,100.0
Monaco,2014,,100.0,100.0
Monaco,2015,,100.0,100.0
Monaco,2016,,100.0,100.0
Monaco,2017,,100.0,100.0
Mongolia,2000,,22.30304,
Mongolia,2001,,22.57371,
Mongolia,2002,,22.83139,
Mongolia,2003,,23.07528,
Mongolia,2004,,23.30461,
Mongolia,2005,,23.51735,
Mongolia,2006,,23.71454,
Mongolia,2007,,23.89521,
Mongolia,2008,,24.05909,
Mongolia,2009,,24.20415,
Mongolia,2010,,24.33202,
Mongolia,2011,,24.28315,
Mongolia,2012,,24.14368,
Mongolia,2013,,24.00721,
Mongolia,2014,,23.87346,
Mongolia,2015,,23.74289,
Mongolia,2016,,23.61521,
Mongolia,2017,,23.72208,
Montenegro,2000,,,
Montenegro,2001,,,
Montenegro,2002,,,
Montenegro,2003,,,
Montenegro,2004,,,
Montenegro,2005,,,
Montenegro,2006,,83.4659,94.98647
Montenegro,2007,,84.98574,94.89124
Montenegro,2008,,86.48738,94.79566
Montenegro,2009,,87.97002,94.69975
Montenegro,2010,,89.12033,94.60347
Montenegro,2011,,89.80383,94.46053
Montenegro,2012,,90.52998,94.38571
Montenegro,2013,,91.18702,94.2
Montenegro,2014,,91.84336,94.01428
Montenegro,2015,,92.49895,93.82858
Montenegro,2016,,93.04792,93.82858
Montenegro,2017,,93.59692,93.82858
Morocco,2000,18.96111,54.77501,86.11006
Morocco,2001,20.27191,55.69656,86.28631
Morocco,2002,21.58271,56.61134,86.46256
Morocco,2003,22.89352,57.51805,86.63881
Morocco,2004,24.20432,58.41733,86.81506
Morocco,2005,25.51512,59.43399,86.9913
Morocco,2006,26.82593,60.46397,87.16755
Morocco,2007,28.13673,61.48038,87.3438
Morocco,2008,29.44753,62.48266,87.52004
Morocco,2009,30.75833,63.47033,87.69629
Morocco,2010,32.06914,64.44515,87.87254
Morocco,2011,33.37994,65.40549,88.04878
Morocco,2012,34.69074,66.35199,88.22503
Morocco,2013,36.00154,67.28419,88.40128
Morocco,2014,37.31235,68.20269,88.57753
Morocco,2015,38.62315,69.10708,88.75378
Morocco,2016,39.93395,69.99794,88.93002
Morocco,2017,39.93395,70.26644,88.93002
Mozambique,2000,,,
Mozambique,2001,,,
Mozambique,2002,,,
Mozambique,2003,,,
Mozambique,2004,,,
Mozambique,2005,,,
Mozambique,2006,,,
Mozambique,2007,,,
Mozambique,2008,,,
Mozambique,2009,,,
Mozambique,2010,,,
Mozambique,2011,,,
Mozambique,2012,,,
Mozambique,2013,,,
Mozambique,2014,,,
Mozambique,2015,,,
Mozambique,2016,,,
Mozambique,2017,,,
Myanmar,2000,,,
Myanmar,2001,,,
Myanmar,2002,,,
Myanmar,2003,,,
Myanmar,2004,,,
Myanmar,2005,,,
Myanmar,2006,,,
Myanmar,2007,,,
Myanmar,2008,,,
Myanmar,2009,,,
Myanmar,2010,,,
Myanmar,2011,,,
Myanmar,2012,,,
Myanmar,2013,,,
Myanmar,2014,,,
Myanmar,2015,,,
Myanmar,2016,,,
Myanmar,2017,,,
Namibia,2000,,,
Namibia,2001,,,
Namibia,2002,,,
Namibia,2003,,,
Namibia,2004,,,
Namibia,2005,,,
Namibia,2006,,,
Namibia,2007,,,
Namibia,2008,,,
Namibia,2009,,,
Namibia,2010,,,
Namibia,2011,,,
Namibia,2012,,,
Namibia,2013,,,
Namibia,2014,,,
Namibia,2015,,,
Namibia,2016,,,
Namibia,2017,,,
Nauru,2000,,,
Nauru,2001,,,
Nauru,2002,,,
Nauru,2003,,,
Nauru,2004,,,
Nauru,2005,,,
Nauru,2006,,,
Nauru,2007,,,
Nauru,2008,,,
Nauru,2009,,,
Nauru,2010,,,
Nauru,2011,,,
Nauru,2012,,,
Nauru,2013,,,
Nauru,2014,,,
Nauru,2015,,,
Nauru,2016,,,
Nauru,2017,,,
Nepal,2000,22.22516,23.9283,34.93801
Nepal,2001,22.42336,24.16208,34.88999
Nepal,2002,22.62156,24.36175,34.84197
Nepal,2003,22.81976,24.56056,34.79395
Nepal,2004,23.01796,24.7585,34.74593
Nepal,2005,23.21616,24.95553,34.69791
Nepal,2006,23.41435,25.15159,34.64989
Nepal,2007,23.61255,25.34678,34.60187
Nepal,2008,23.81075,25.54093,34.55385
Nepal,2009,24.00895,25.73401,34.50583
Nepal,2010,24.20715,25.92598,34.45781
Nepal,2011,24.40535,26.11691,34.40979
Nepal,2012,24.60355,26.30714,34.36177
Nepal,2013,24.80175,26.49631,34.31375
Nepal,2014,24.99995,26.68465,34.26573
Nepal,2015,25.19815,26.87191,34.21771
Nepal,2016,25.39635,27.0582,34.16969
Nepal,2017,25.59455,27.24335,34.12167
Netherlands,2000,,100.0,
Netherlands,2001,,100.0,
Netherlands,2002,,99.99737,
Netherlands,2003,,99.99406,
Netherlands,2004,,99.99075,
Netherlands,2005,,99.98743,
Netherlands,2006,,99.98412,
Netherlands,2007,,99.9808,
Netherlands,2008,,99.9775,
Netherlands,2009,,99.97419,
Netherlands,2010,,99.97088,
Netherlands,2011,,99.96757,
Netherlands,2012,,99.96426,
Netherlands,2013,,99.96095,
Netherlands,2014,,99.95763,
Netherlands,2015,,99.95432,
Netherlands,2016,,99.95101,
Netherlands,2017,,99.95101,
New Zealand,2000,,78.11697,
New Zealand,2001,,78.11697,
New Zealand,2002,,78.11697,
New Zealand,2003,,78.11697,
New Zealand,2004,,78.11697,
New Zealand,2005,,78.11697,
New Zealand,2006,,80.22667,
New Zealand,2007,,82.33636,
New Zealand,2008,,84.44606,
New Zealand,2009,,86.55576,
New Zealand,2010,,88.66545,
New Zealand,2011,,90.77515,
New Zealand,2012,,92.88485,
New Zealand,2013,,94.99454,
New Zealand,2014,,97.10424,
New Zealand,2015,,99.21394,
New Zealand,2016,,100.0,
New Zealand,2017,,100.0,
Nicaragua,2000,26.16187,48.25971,66.20507
Nicaragua,2001,27.84222,49.11199,66.2804
Nicaragua,2002,29.51639,49.95633,66.35573
Nicaragua,2003,30.20335,50.35791,66.43105
Nicaragua,2004,30.14909,50.42992,66.50639
Nicaragua,2005,30.09483,50.50377,66.58172
Nicaragua,2006,30.04057,50.59413,66.65704
Nicaragua,2007,29.98631,50.68464,66.73238
Nicaragua,2008,29.93205,50.77602,66.80771
Nicaragua,2009,29.8778,50.86754,66.88303
Nicaragua,2010,29.82354,50.95957,66.95837
Nicaragua,2011,29.76928,51.0521,67.03369
Nicaragua,2012,29.71502,51.14515,67.10902
Nicaragua,2013,29.66076,51.2387,67.18436
Nicaragua,2014,29.6065,51.33239,67.25968
Nicaragua,2015,29.55224,51.42658,67.33501
Nicaragua,2016,29.49799,51.52127,67.41034
Nicaragua,2017,29.49799,51.60051,67.41034
Niger,2000,,,
Niger,2001,,,
Niger,2002,,,
Niger,2003,,,
Niger,2004,,,
Niger,2005,,,
Niger,2006,,,
Niger,2007,,,
Niger,2008,,,
Niger,2009,,,
Niger,2010,,,
Niger,2011,,,
Niger,2012,,,
Niger,2013,,,
Niger,2014,,,
Niger,2015,,,
Niger,2016,,,
Niger,2017,,,
Nigeria,2000,11.0769,15.38151,23.43227
Nigeria,2001,11.44693,15.74734,23.50335
Nigeria,2002,11.7465,16.06464,23.57443
Nigeria,2003,12.04165,16.37639,23.64551
Nigeria,2004,12.33239,16.68252,23.71659
Nigeria,2005,12.61871,16.98287,23.78767
Nigeria,2006,12.90062,17.27763,23.85875
Nigeria,2007,13.17812,17.56686,23.92983
Nigeria,2008,13.45121,17.85065,24.00091
Nigeria,2009,13.71988,18.12864,24.07199
Nigeria,2010,13.98414,18.40124,24.14307
Nigeria,2011,14.24399,18.66735,24.21415
Nigeria,2012,14.49942,18.92711,24.28523
Nigeria,2013,14.75044,19.18048,24.35631
Nigeria,2014,14.99705,19.42761,24.42739
Nigeria,2015,15.23925,19.66867,24.49847
Nigeria,2016,15.47703,19.90354,24.56955
Nigeria,2017,15.7104,20.13256,24.64063
Niue,2000,,98.23664,
Niue,2001,,98.23664,
Niue,2002,,98.23664,
Niue,2003,,98.23664,
Niue,2004,,98.23664,
Niue,2005,,98.12332,
Niue,2006,,98.01,
Niue,2007,,97.89668,
Niue,2008,,97.78336,
Niue,2009,,97.67004,
Niue,2010,,97.55672,
Niue,2011,,97.4434,
Niue,2012,,97.33008,
Niue,2013,,97.21675,
Niue,2014,,97.21675,
Niue,2015,,97.21675,
Niue,2016,,97.21675,
Niue,2017,,97.21675,
Norway,2000,,100.0,
Norway,2001,,100.0,
Norway,2002,,100.0,
Norway,2003,,100.0,
Norway,2004,,100.0,
Norway,2005,,100.0,
Norway,2006,,100.0,
Norway,2007,,99.95199,
Norway,2008,,99.77321,
Norway,2009,,99.59443,
Norway,2010,,99.41565,
Norway,2011,,99.23687,
Norway,2012,,99.05809,
Norway,2013,,98.87931,
Norway,2014,,98.70053,
Norway,2015,,98.52175,
Norway,2016,,98.34296,
Norway,2017,,98.34297,
Oman,2000,,,
Oman,2001,,74.8314,
Oman,2002,,74.82558,
Oman,2003,,74.81976,
Oman,2004,,74.91228,
Oman,2005,,75.07899,
Oman,2006,,76.60155,
Oman,2007,,78.10972,
Oman,2008,,79.60374,
Oman,2009,,81.08335,
Oman,2010,,82.54932,
Oman,2011,,84.1125,
Oman,2012,,85.7299,
Oman,2013,,87.30409,
Oman,2014,,88.83868,
Oman,2015,,89.8684,
Oman,2016,,90.07999,
Oman,2017,,90.27504,
Pakistan,2000,31.59423,37.86203,50.59792
Pakistan,2001,31.65506,37.90138,50.48063
Pakistan,2002,31.71589,37.94041,50.36333
Pakistan,2003,31.77673,37.97872,50.24603
Pakistan,2004,31.83756,38.0165,50.12873
Pakistan,2005,31.89839,37.82212,49.33035
Pakistan,2006,31.95922,37.62554,48.53516
Pakistan,2007,32.02005,37.42676,47.74316
Pakistan,2008,32.08089,37.22562,46.95436
Pakistan,2009,32.14172,37.02214,46.16875
Pakistan,2010,32.20255,36.81648,45.38634
Pakistan,2011,32.26338,36.60863,44.60712
Pakistan,2012,32.32421,36.39857,43.8311
Pakistan,2013,32.38505,36.1861,43.05827
Pakistan,2014,32.44588,35.97146,42.28864
Pakistan,2015,32.50671,35.75463,41.5222
Pakistan,2016,32.56754,35.53562,40.75896
Pakistan,2017,32.62838,35.31435,39.99891
Palau,2000,,,
Palau,2001,,,
Palau,2002,,,
Palau,2003,,,
Palau,2004,,,
Palau,2005,,,
Palau,2006,,,
Palau,2007,,,
Palau,2008,,,
Palau,2009,,,
Palau,2010,,,
Palau,2011,,,
Palau,2012,,,
Palau,2013,,,
Palau,2014,,,
Palau,2015,,,
Palau,2016,,,
Palau,2017,,,
Panama,2000,,,
Panama,2001,,,
Panama,2002,,,
Panama,2003,,,
Panama,2004,,,
Panama,2005,,,
Panama,2006,,,
Panama,2007,,,
Panama,2008,,,
Panama,2009,,,
Panama,2010,,,
Panama,2011,,,
Panama,2012,,,
Panama,2013,,,
Panama,2014,,,
Panama,2015,,,
Panama,2016,,,
Panama,2017,,,
Papua New Guinea,2000,,,
Papua New Guinea,2001,,,
Papua New Guinea,2002,,,
Papua New Guinea,2003,,,
Papua New Guinea,2004,,,
Papua New Guinea,2005,,,
Papua New Guinea,2006,,,
Papua New Guinea,2007,,,
Papua New Guinea,2008,,,
Papua New Guinea,2009,,,
Papua New Guinea,2010,,,
Papua New Guinea,2011,,,
Papua New Guinea,2012,,,
Papua New Guinea,2013,,,
Papua New Guinea,2014,,,
Papua New Guinea,2015,,,
Papua New Guinea,2016,,,
Papua New Guinea,2017,,,
Paraguay,2000,26.74168,49.36394,67.627
Paraguay,2001,28.17077,50.40427,67.89758
Paraguay,2002,29.59987,51.42951,68.16815
Paraguay,2003,31.02896,52.34393,68.43873
Paraguay,2004,32.45805,53.23183,68.7093
Paraguay,2005,33.88714,54.11214,68.97988
Paraguay,2006,35.31623,54.98451,69.25046
Paraguay,2007,36.74533,55.84898,69.52103
Paraguay,2008,38.17442,56.70589,69.79161
Paraguay,2009,39.60351,57.55494,70.06219
Paraguay,2010,41.0326,58.39617,70.33276
Paraguay,2011,42.46169,59.22961,70.60334
Paraguay,2012,43.89079,60.05557,70.87392
Paraguay,2013,45.31988,60.86552,71.14449
Paraguay,2014,46.74897,61.66555,71.41507
Paraguay,2015,48.17806,62.45892,71.68565
Paraguay,2016,49.60715,63.2459,71.95623
Paraguay,2017,50.72869,63.89457,72.20647
Peru,2000,14.04684,45.06945,56.51913
Peru,2001,14.44118,45.44669,56.65542
Peru,2002,14.83552,45.82017,56.79171
Peru,2003,15.22987,46.19032,56.928
Peru,2004,15.62421,46.55674,57.06429
Peru,2005,16.01855,46.91908,57.20058
Peru,2006,16.4129,47.27817,57.33688
Peru,2007,16.80724,47.63323,57.47317
Peru,2008,17.20158,47.93258,57.60946
Peru,2009,17.59592,48.20655,57.74575
Peru,2010,17.99026,48.47955,57.88204
Peru,2011,18.38461,48.75078,58.01833
Peru,2012,18.77895,49.02104,58.15462
Peru,2013,19.17329,49.28956,58.29092
Peru,2014,19.56763,49.55673,58.42721
Peru,2015,19.96198,49.82296,58.5635
Peru,2016,20.35632,50.08746,58.69979
Peru,2017,20.75066,50.35065,58.83608
Philippines,2000,21.42172,36.01599,53.05556
Philippines,2001,21.56328,36.10611,53.1438
Philippines,2002,23.81116,38.2178,55.15379
Philippines,2003,26.08651,40.34769,57.17015
Philippines,2004,28.38934,42.49583,59.19289
Philippines,2005,30.71965,44.22925,60.27467
Philippines,2006,31.48269,44.66439,60.3741
Philippines,2007,31.68281,44.7941,60.47352
Philippines,2008,31.88293,44.92397,60.57294
Philippines,2009,32.08305,45.05431,60.67237
Philippines,2010,32.28317,45.19763,60.77179
Philippines,2011,32.48329,45.40604,60.87121
Philippines,2012,32.68341,45.61407,60.97064
Philippines,2013,32.88353,45.82199,61.07006
Philippines,2014,33.08365,46.02925,61.16948
Philippines,2015,33.28377,46.23641,61.26891
Philippines,2016,33.48389,46.44318,61.36833
Philippines,2017,33.68401,46.65402,61.46775
Poland,2000,,,
Poland,2001,,,
Poland,2002,,,
Poland,2003,,,
Poland,2004,,,
Poland,2005,,94.03376,
Poland,2006,,94.23042,
Poland,2007,,94.42784,
Poland,2008,,94.62604,
Poland,2009,,94.82521,
Poland,2010,,95.34973,
Poland,2011,,95.87903,
Poland,2012,,96.41226,
Poland,2013,,96.95062,
Poland,2014,,97.49403,
Poland,2015,,98.04259,
Poland,2016,,98.59683,
Poland,2017,,99.15607,
Portugal,2000,,93.44076,
Portugal,2001,,93.57578,
Portugal,2002,,93.70979,
Portugal,2003,,93.8441,
Portugal,2004,,93.9787,
Portugal,2005,,94.11334,
Portugal,2006,,94.24834,
Portugal,2007,,94.3835,
Portugal,2008,,94.51888,
Portugal,2009,,94.6543,
Portugal,2010,,94.78994,
Portugal,2011,,94.92574,
Portugal,2012,,95.06161,
Portugal,2013,,95.17123,
Portugal,2014,,95.2378,
Portugal,2015,,95.27341,
Portugal,2016,,95.30865,
Portugal,2017,,95.3119,
Qatar,2000,,96.6,
Qatar,2001,,96.6,
Qatar,2002,,96.6,
Qatar,2003,,96.6,
Qatar,2004,,96.6,
Qatar,2005,,96.6,
Qatar,2006,,96.6,
Qatar,2007,,96.6,
Qatar,2008,,96.6,
Qatar,2009,,96.6,
Qatar,2010,,96.6,
Qatar,2011,,96.5404,
Qatar,2012,,96.4808,
Qatar,2013,,96.4212,
Qatar,2014,,96.3616,
Qatar,2015,,96.30199,
Qatar,2016,,96.24239,
Qatar,2017,,96.18279,
Republic of Korea,2000,,,
Republic of Korea,2001,,,
Republic of Korea,2002,,96.82212,
Republic of Korea,2003,,96.82212,
Republic of Korea,2004,,96.82212,
Republic of Korea,2005,,96.82212,
Republic of Korea,2006,,96.82212,
Republic of Korea,2007,,97.04539,
Republic of Korea,2008,,97.26893,
Republic of Korea,2009,,97.49271,
Republic of Korea,2010,,97.71676,
Republic of Korea,2011,,97.94106,
Republic of Korea,2012,,98.01016,
Republic of Korea,2013,,98.00467,
Republic of Korea,2014,,97.99892,
Republic of Korea,2015,,97.9929,
Republic of Korea,2016,,98.10338,
Republic of Korea,2017,,98.21386,
Republic of Moldova,2000,,40.41632,
Republic of Moldova,2001,,42.32299,
Republic of Moldova,2002,,44.27113,
Republic of Moldova,2003,,46.26121,
Republic of Moldova,2004,,48.29424,
Republic of Moldova,2005,,50.46074,
Republic of Moldova,2006,,52.74878,
Republic of Moldova,2007,,55.06377,
Republic of Moldova,2008,,57.40574,
Republic of Moldova,2009,,59.77472,
Republic of Moldova,2010,,62.17075,
Republic of Moldova,2011,,64.59387,
Republic of Moldova,2012,,67.04411,
Republic of Moldova,2013,,69.52153,
Republic of Moldova,2014,,72.02614,
Republic of Moldova,2015,,72.303,
Republic of Moldova,2016,,72.58717,
Republic of Moldova,2017,,72.87791,
Republic of North Macedonia,2000,95.25511,97.34227,98.81998
Republic of North Macedonia,2001,95.25511,97.33482,98.81998
Republic of North Macedonia,2002,95.25511,97.32737,98.81998
Republic of North Macedonia,2003,95.25511,97.31992,98.81998
Republic of North Macedonia,2004,95.25511,97.31243,98.81998
Republic of North Macedonia,2005,95.11266,96.67783,97.83318
Republic of North Macedonia,2006,94.97008,96.04685,96.84654
Republic of North Macedonia,2007,94.82736,95.41873,95.86006
Republic of North Macedonia,2008,94.68452,94.79271,94.87375
Republic of North Macedonia,2009,92.0092,93.08208,93.8876
Republic of North Macedonia,2010,89.12734,91.28204,92.90162
Republic of North Macedonia,2011,86.24335,89.48186,91.9158
Republic of North Macedonia,2012,83.35722,87.68325,90.93015
Republic of North Macedonia,2013,80.46894,85.88801,89.94465
Republic of North Macedonia,2014,77.55013,84.65021,89.94465
Republic of North Macedonia,2015,74.63132,83.4224,89.94465
Republic of North Macedonia,2016,71.71252,82.20748,89.94465
Republic of North Macedonia,2017,68.79372,81.00796,89.94465
Romania,2000,,81.65202,
Romania,2001,,81.609,
Romania,2002,,81.58862,
Romania,2003,,81.62598,
Romania,2004,,81.66306,
Romania,2005,,81.70013,
Romania,2006,,81.73721,
Romania,2007,,81.77429,
Romania,2008,,81.81137,
Romania,2009,,81.84845,
Romania,2010,,81.88552,
Romania,2011,,81.9226,
Romania,2012,,81.92657,
Romania,2013,,81.91609,
Romania,2014,,81.90562,
Romania,2015,,81.90194,
Romania,2016,,81.90562,
Romania,2017,,81.91581,
Russian Federation,2000,,74.56915,
Russian Federation,2001,,74.56792,
Russian Federation,2002,,74.64227,
Russian Federation,2003,,74.72782,
Russian Federation,2004,,74.81706,
Russian Federation,2005,,74.90604,
Russian Federation,2006,,74.99474,
Russian Federation,2007,,75.08318,
Russian Federation,2008,,75.17134,
Russian Federation,2009,,75.25894,
Russian Federation,2010,,75.34657,
Russian Federation,2011,,75.43392,
Russian Federation,2012,,75.52486,
Russian Federation,2013,,75.61897,
Russian Federation,2014,,75.71668,
Russian Federation,2015,,75.81733,
Russian Federation,2016,,75.92105,
Russian Federation,2017,,76.02773,
Rwanda,2000,,,24.37536
Rwanda,2001,,,25.41623
Rwanda,2002,,,26.46725
Rwanda,2003,,,27.5284
Rwanda,2004,,,28.59969
Rwanda,2005,,,29.68111
Rwanda,2006,,,30.77268
Rwanda,2007,,,31.87439
Rwanda,2008,,,32.98623
Rwanda,2009,,,34.10821
Rwanda,2010,,,35.24033
Rwanda,2011,,,36.38259
Rwanda,2012,,,37.53498
Rwanda,2013,,,38.69752
Rwanda,2014,,,39.87019
Rwanda,2015,,,41.05301
Rwanda,2016,,,42.24595
Rwanda,2017,,,43.44904
Saint Kitts and Nevis,2000,,,
Saint Kitts and Nevis,2001,,,
Saint Kitts and Nevis,2002,,,
Saint Kitts and Nevis,2003,,,
Saint Kitts and Nevis,2004,,,
Saint Kitts and Nevis,2005,,,
Saint Kitts and Nevis,2006,,,
Saint Kitts and Nevis,2007,,,
Saint Kitts and Nevis,2008,,,
Saint Kitts and Nevis,2009,,,
Saint Kitts and Nevis,2010,,,
Saint Kitts and Nevis,2011,,,
Saint Kitts and Nevis,2012,,,
Saint Kitts and Nevis,2013,,,
Saint Kitts and Nevis,2014,,,
Saint Kitts and Nevis,2015,,,
Saint Kitts and Nevis,2016,,,
Saint Kitts and Nevis,2017,,,
Saint Lucia,2000,,,
Saint Lucia,2001,,,
Saint Lucia,2002,,,
Saint Lucia,2003,,,
Saint Lucia,2004,,,
Saint Lucia,2005,,,
Saint Lucia,2006,,,
Saint Lucia,2007,,,
Saint Lucia,2008,,,
Saint Lucia,2009,,,
Saint Lucia,2010,,,
Saint Lucia,2011,,,
Saint Lucia,2012,,,
Saint Lucia,2013,,,
Saint Lucia,2014,,,
Saint Lucia,2015,,,
Saint Lucia,2016,,,
Saint Lucia,2017,,,
Saint Vincent and the Grenadines,2000,,,
Saint Vincent and the Grenadines,2001,,,
Saint Vincent and the Grenadines,2002,,,
Saint Vincent and the Grenadines,2003,,,
Saint Vincent and the Grenadines,2004,,,
Saint Vincent and the Grenadines,2005,,,
Saint Vincent and the Grenadines,2006,,,
Saint Vincent and the Grenadines,2007,,,
Saint Vincent and the Grenadines,2008,,,
Saint Vincent and the Grenadines,2009,,,
Saint Vincent and the Grenadines,2010,,,
Saint Vincent and the Grenadines,2011,,,
Saint Vincent and the Grenadines,2012,,,
Saint Vincent and the Grenadines,2013,,,
Saint Vincent and the Grenadines,2014,,,
Saint Vincent and the Grenadines,2015,,,
Saint Vincent and the Grenadines,2016,,,
Saint Vincent and the Grenadines,2017,,,
Samoa,2000,,57.06663,
Samoa,2001,,57.06392,
Samoa,2002,,57.0677,
Samoa,2003,,57.07492,
Samoa,2004,,57.08208,
Samoa,2005,,57.2375,
Samoa,2006,,57.39098,
Samoa,2007,,57.54247,
Samoa,2008,,57.69206,
Samoa,2009,,57.83984,
Samoa,2010,,57.98583,
Samoa,2011,,58.13006,
Samoa,2012,,58.27252,
Samoa,2013,,58.41309,
Samoa,2014,,58.5518,
Samoa,2015,,58.68864,
Samoa,2016,,58.77221,
Samoa,2017,,58.82111,
San Marino,2000,,100.0,
San Marino,2001,,100.0,
San Marino,2002,,100.0,
San Marino,2003,,100.0,
San Marino,2004,,100.0,
San Marino,2005,,100.0,
San Marino,2006,,100.0,
San Marino,2007,,100.0,
San Marino,2008,,100.0,
San Marino,2009,,100.0,
San Marino,2010,,100.0,
San Marino,2011,,100.0,
San Marino,2012,,100.0,
San Marino,2013,,100.0,
San Marino,2014,,100.0,
San Marino,2015,,100.0,
San Marino,2016,,100.0,
San Marino,2017,,100.0,
Sao Tome and Principe,2000,,,
Sao Tome and Principe,2001,,,
Sao Tome and Principe,2002,,,
Sao Tome and Principe,2003,,,
Sao Tome and Principe,2004,,,
Sao Tome and Principe,2005,,,
Sao Tome and Principe,2006,,,
Sao Tome and Principe,2007,,,
Sao Tome and Principe,2008,,,
Sao Tome and Principe,2009,,,
Sao Tome and Principe,2010,,,
Sao Tome and Principe,2011,,,
Sao Tome and Principe,2012,,,
Sao Tome and Principe,2013,,,
Sao Tome and Principe,2014,,,
Sao Tome and Principe,2015,,,
Sao Tome and Principe,2016,,,
Sao Tome and Principe,2017,,,
Saudi Arabia,2000,,,
Saudi Arabia,2001,,,
Saudi Arabia,2002,,,
Saudi Arabia,2003,,,
Saudi Arabia,2004,,,
Saudi Arabia,2005,,,
Saudi Arabia,2006,,,
Saudi Arabia,2007,,,
Saudi Arabia,2008,,,
Saudi Arabia,2009,,,
Saudi Arabia,2010,,,
Saudi Arabia,2011,,,
Saudi Arabia,2012,,,
Saudi Arabia,2013,,,
Saudi Arabia,2014,,,
Saudi Arabia,2015,,,
Saudi Arabia,2016,,,
Saudi Arabia,2017,,,
Senegal,2000,,,
Senegal,2001,,,
Senegal,2002,,,
Senegal,2003,,,
Senegal,2004,,,
Senegal,2005,,,
Senegal,2006,,,
Senegal,2007,,,
Senegal,2008,,,
Senegal,2009,,,
Senegal,2010,,,
Senegal,2011,,,
Senegal,2012,,,
Senegal,2013,,,
Senegal,2014,,,
Senegal,2015,,,
Senegal,2016,,,
Senegal,2017,,,
Serbia,2000,66.58347,74.49373,81.57383
Serbia,2001,66.5697,74.51224,81.55788
Serbia,2002,66.55593,74.53073,81.54192
Serbia,2003,66.54216,74.54906,81.52598
Serbia,2004,66.5284,74.56769,81.51003
Serbia,2005,66.51463,74.586,81.49407
Serbia,2006,66.50085,74.60431,81.47813
Serbia,2007,66.48708,74.62275,81.46217
Serbia,2008,66.47331,74.64104,81.44622
Serbia,2009,66.45955,74.65932,81.43027
Serbia,2010,66.44578,74.67743,81.41432
Serbia,2011,66.43201,74.69569,81.39838
Serbia,2012,66.41824,74.70181,81.38242
Serbia,2013,66.40447,74.70374,81.36647
Serbia,2014,66.3907,74.70582,81.35052
Serbia,2015,66.37693,74.70774,81.33457
Serbia,2016,66.36316,74.7098,81.31862
Serbia,2017,66.36316,74.72955,81.31862
Seychelles,2000,,,
Seychelles,2001,,,
Seychelles,2002,,,
Seychelles,2003,,,
Seychelles,2004,,,
Seychelles,2005,,,
Seychelles,2006,,,
Seychelles,2007,,,
Seychelles,2008,,,
Seychelles,2009,,,
Seychelles,2010,,,
Seychelles,2011,,,
Seychelles,2012,,,
Seychelles,2013,,,
Seychelles,2014,,,
Seychelles,2015,,,
Seychelles,2016,,,
Seychelles,2017,,,
Sierra Leone,2000,1.5196,4.7389,10.55597
Sierra Leone,2001,1.67194,4.89143,10.64813
Sierra Leone,2002,1.94186,5.11888,10.74029
Sierra Leone,2003,2.23141,5.35806,10.83244
Sierra Leone,2004,2.54061,5.60881,10.9246
Sierra Leone,2005,2.86944,5.87735,11.01676
Sierra Leone,2006,3.21791,6.16149,11.10891
Sierra Leone,2007,3.58602,6.45606,11.20107
Sierra Leone,2008,3.97377,6.7608,11.29323
Sierra Leone,2009,4.38115,7.0754,11.38539
Sierra Leone,2010,4.80817,7.39962,11.47754
Sierra Leone,2011,5.25483,7.73329,11.5697
Sierra Leone,2012,5.72113,8.07615,11.66186
Sierra Leone,2013,6.20706,8.42784,11.75401
Sierra Leone,2014,6.71263,8.78822,11.84617
Sierra Leone,2015,7.23784,9.157,11.93833
Sierra Leone,2016,7.78269,9.53397,12.03048
Sierra Leone,2017,8.34717,9.91913,12.12264
Singapore,2000,,100.0,100.0
Singapore,2001,,100.0,100.0
Singapore,2002,,100.0,100.0
Singapore,2003,,100.0,100.0
Singapore,2004,,100.0,100.0
Singapore,2005,,100.0,100.0
Singapore,2006,,100.0,100.0
Singapore,2007,,100.0,100.0
Singapore,2008,,100.0,100.0
Singapore,2009,,100.0,100.0
Singapore,2010,,100.0,100.0
Singapore,2011,,100.0,100.0
Singapore,2012,,100.0,100.0
Singapore,2013,,100.0,100.0
Singapore,2014,,100.0,100.0
Singapore,2015,,100.0,100.0
Singapore,2016,,100.0,100.0
Singapore,2017,,100.0,100.0
Slovakia,2000,,92.17965,
Slovakia,2001,,92.17799,
Slovakia,2002,,92.81332,
Slovakia,2003,,93.44967,
Slovakia,2004,,94.08702,
Slovakia,2005,,94.72538,
Slovakia,2006,,95.36474,
Slovakia,2007,,96.0051,
Slovakia,2008,,96.64649,
Slovakia,2009,,97.28888,
Slovakia,2010,,97.93309,
Slovakia,2011,,98.57904,
Slovakia,2012,,99.12453,
Slovakia,2013,,99.26785,
Slovakia,2014,,99.41117,
Slovakia,2015,,99.5545,
Slovakia,2016,,99.69782,
Slovakia,2017,,99.78773,
Slovenia,2000,,79.79192,
Slovenia,2001,,79.78687,
Slovenia,2002,,79.78198,
Slovenia,2003,,81.07258,
Slovenia,2004,,82.36299,
Slovenia,2005,,83.65321,
Slovenia,2006,,84.94324,
Slovenia,2007,,86.23306,
Slovenia,2008,,87.52269,
Slovenia,2009,,88.81211,
Slovenia,2010,,90.10134,
Slovenia,2011,,91.39037,
Slovenia,2012,,92.67918,
Slovenia,2013,,93.96778,
Slovenia,2014,,95.25618,
Slovenia,2015,,96.55093,
Slovenia,2016,,97.84573,
Slovenia,2017,,98.05297,
Solomon Islands,2000,,,
Solomon Islands,2001,,,
Solomon Islands,2002,,,
Solomon Islands,2003,,,
Solomon Islands,2004,,,
Solomon Islands,2005,,,
Solomon Islands,2006,,,
Solomon Islands,2007,,,
Solomon Islands,2008,,,
Solomon Islands,2009,,,
Solomon Islands,2010,,,
Solomon Islands,2011,,,
Solomon Islands,2012,,,
Solomon Islands,2013,,,
Solomon Islands,2014,,,
Solomon Islands,2015,,,
Solomon Islands,2016,,,
Solomon Islands,2017,,,
Somalia,2000,,,
Somalia,2001,,,
Somalia,2002,,,
Somalia,2003,,,
Somalia,2004,,,
Somalia,2005,,,
Somalia,2006,,,
Somalia,2007,,,
Somalia,2008,,,
Somalia,2009,,,
Somalia,2010,,,
Somalia,2011,,,
Somalia,2012,,,
Somalia,2013,,,
Somalia,2014,,,
Somalia,2015,,,
Somalia,2016,,,
Somalia,2017,,,
South Africa,2000,,,90.14125
South Africa,2001,,,90.16978
South Africa,2002,,,90.22399
South Africa,2003,,,90.27823
South Africa,2004,,,90.33247
South Africa,2005,,,90.38674
South Africa,2006,,,90.3083
South Africa,2007,,,89.5445
South Africa,2008,,,88.7802
South Africa,2009,,,88.01541
South Africa,2010,,,87.25011
South Africa,2011,,,86.48431
South Africa,2012,,,85.71801
South Africa,2013,,,84.95122
South Africa,2014,,,84.18391
South Africa,2015,,,83.41611
South Africa,2016,,,82.64781
South Africa,2017,,,81.87901
South Sudan,2000,,,
South Sudan,2001,,,
South Sudan,2002,,,
South Sudan,2003,,,
South Sudan,2004,,,
South Sudan,2005,,,
South Sudan,2006,,,
South Sudan,2007,,,
South Sudan,2008,,,
South Sudan,2009,,,
South Sudan,2010,,,
South Sudan,2011,,,
South Sudan,2012,,,
South Sudan,2013,,,
South Sudan,2014,,,
South Sudan,2015,,,
South Sudan,2016,,,
South Sudan,2017,,,
Spain,2000,,98.83858,
Spain,2001,,98.81949,
Spain,2002,,98.80041,
Spain,2003,,98.78132,
Spain,2004,,98.76224,
Spain,2005,,98.74315,
Spain,2006,,98.72406,
Spain,2007,,98.70497,
Spain,2008,,98.68588,
Spain,2009,,98.6668,
Spain,2010,,98.64772,
Spain,2011,,98.62863,
Spain,2012,,98.59591,
Spain,2013,,98.54771,
Spain,2014,,98.49935,
Spain,2015,,98.48007,
Spain,2016,,98.46078,
Spain,2017,,98.44149,
Sri Lanka,2000,,,86.09052
Sri Lanka,2001,,,86.11636
Sri Lanka,2002,,,86.1422
Sri Lanka,2003,,,86.16805
Sri Lanka,2004,,,86.19389
Sri Lanka,2005,,,86.21973
Sri Lanka,2006,,,86.60426
Sri Lanka,2007,,,86.98899
Sri Lanka,2008,,,87.37395
Sri Lanka,2009,,,87.75911
Sri Lanka,2010,,,88.14449
Sri Lanka,2011,,,88.53009
Sri Lanka,2012,,,88.9159
Sri Lanka,2013,,,89.30193
Sri Lanka,2014,,,89.68816
Sri Lanka,2015,,,90.07462
Sri Lanka,2016,,,90.46129
Sri Lanka,2017,,,90.84818
Sudan,2000,,,
Sudan,2001,,,
Sudan,2002,,,
Sudan,2003,,,
Sudan,2004,,,
Sudan,2005,,,
Sudan,2006,,,
Sudan,2007,,,
Sudan,2008,,,
Sudan,2009,,,
Sudan,2010,,,
Sudan,2011,,,
Sudan,2012,,,
Sudan,2013,,,
Sudan,2014,,,
Sudan,2015,,,
Sudan,2016,,,
Sudan,2017,,,
Suriname,2000,,,
Suriname,2001,,,
Suriname,2002,,,
Suriname,2003,,,
Suriname,2004,,,
Suriname,2005,,,
Suriname,2006,,,
Suriname,2007,,,
Suriname,2008,,,
Suriname,2009,,,
Suriname,2010,,,
Suriname,2011,,,
Suriname,2012,,,
Suriname,2013,,,
Suriname,2014,,,
Suriname,2015,,,
Suriname,2016,,,
Suriname,2017,,,
Sweden,2000,,99.94,
Sweden,2001,,99.94,
Sweden,2002,,99.94,
Sweden,2003,,99.94,
Sweden,2004,,99.94,
Sweden,2005,,99.93999,
Sweden,2006,,99.94,
Sweden,2007,,99.94,
Sweden,2008,,99.94,
Sweden,2009,,99.94,
Sweden,2010,,99.94,
Sweden,2011,,99.93999,
Sweden,2012,,99.93999,
Sweden,2013,,99.93999,
Sweden,2014,,99.93999,
Sweden,2015,,99.94,
Sweden,2016,,99.93999,
Sweden,2017,,99.94,
Switzerland,2000,,92.82433,
Switzerland,2001,,92.82433,
Switzerland,2002,,92.82433,
Switzerland,2003,,92.82432,
Switzerland,2004,,93.06351,
Switzerland,2005,,93.3027,
Switzerland,2006,,93.54189,
Switzerland,2007,,93.78107,
Switzerland,2008,,94.02027,
Switzerland,2009,,94.25946,
Switzerland,2010,,94.49865,
Switzerland,2011,,94.73784,
Switzerland,2012,,94.97703,
Switzerland,2013,,95.21622,
Switzerland,2014,,95.45541,
Switzerland,2015,,95.45541,
Switzerland,2016,,95.45541,
Switzerland,2017,,95.45541,
Syrian Arab Republic,2000,,,
Syrian Arab Republic,2001,,,
Syrian Arab Republic,2002,,,
Syrian Arab Republic,2003,,,
Syrian Arab Republic,2004,,,
Syrian Arab Republic,2005,,,
Syrian Arab Republic,2006,,,
Syrian Arab Republic,2007,,,
Syrian Arab Republic,2008,,,
Syrian Arab Republic,2009,,,
Syrian Arab Republic,2010,,,
Syrian Arab Republic,2011,,,
Syrian Arab Republic,2012,,,
Syrian Arab Republic,2013,,,
Syrian Arab Republic,2014,,,
Syrian Arab Republic,2015,,,
Syrian Arab Republic,2016,,,
Syrian Arab Republic,2017,,,
Tajikistan,2000,,35.24668,
Tajikistan,2001,,36.43213,
Tajikistan,2002,,37.65243,
Tajikistan,2003,,38.9076,
Tajikistan,2004,,40.19707,
Tajikistan,2005,,41.52198,
Tajikistan,2006,,42.88173,
Tajikistan,2007,,44.27634,
Tajikistan,2008,,45.24455,
Tajikistan,2009,,45.65298,
Tajikistan,2010,,46.02968,
Tajikistan,2011,,46.37447,
Tajikistan,2012,,46.69177,
Tajikistan,2013,,46.98115,
Tajikistan,2014,,47.24315,
Tajikistan,2015,,47.47783,
Tajikistan,2016,,47.68568,
Tajikistan,2017,,47.86705,
Thailand,2000,,,
Thailand,2001,,,
Thailand,2002,,,
Thailand,2003,,,
Thailand,2004,,,
Thailand,2005,,,
Thailand,2006,,,
Thailand,2007,,,
Thailand,2008,,,
Thailand,2009,,,
Thailand,2010,,,
Thailand,2011,,,
Thailand,2012,,,
Thailand,2013,,,
Thailand,2014,,,
Thailand,2015,,,
Thailand,2016,,,
Thailand,2017,,,
Timor-Leste,2000,,,
Timor-Leste,2001,,,
Timor-Leste,2002,,,
Timor-Leste,2003,,,
Timor-Leste,2004,,,
Timor-Leste,2005,,,
Timor-Leste,2006,,,
Timor-Leste,2007,,,
Timor-Leste,2008,,,
Timor-Leste,2009,,,
Timor-Leste,2010,,,
Timor-Leste,2011,,,
Timor-Leste,2012,,,
Timor-Leste,2013,,,
Timor-Leste,2014,,,
Timor-Leste,2015,,,
Timor-Leste,2016,,,
Timor-Leste,2017,,,
Togo,2000,,,
Togo,2001,,,
Togo,2002,,,
Togo,2003,,,
Togo,2004,,,
Togo,2005,,,
Togo,2006,,,
Togo,2007,,,
Togo,2008,,,
Togo,2009,,,
Togo,2010,,,
Togo,2011,,,
Togo,2012,,,
Togo,2013,,,
Togo,2014,,,
Togo,2015,,,
Togo,2016,,,
Togo,2017,,,
Tonga,2000,,,
Tonga,2001,,,
Tonga,2002,,,
Tonga,2003,,,
Tonga,2004,,,
Tonga,2005,,,
Tonga,2006,,,
Tonga,2007,,,
Tonga,2008,,,
Tonga,2009,,,
Tonga,2010,,,
Tonga,2011,,,
Tonga,2012,,,
Tonga,2013,,,
Tonga,2014,,,
Tonga,2015,,,
Tonga,2016,,,
Tonga,2017,,,
Trinidad and Tobago,2000,,,
Trinidad and Tobago,2001,,,
Trinidad and Tobago,2002,,,
Trinidad and Tobago,2003,,,
Trinidad and Tobago,2004,,,
Trinidad and Tobago,2005,,,
Trinidad and Tobago,2006,,,
Trinidad and Tobago,2007,,,
Trinidad and Tobago,2008,,,
Trinidad and Tobago,2009,,,
Trinidad and Tobago,2010,,,
Trinidad and Tobago,2011,,,
Trinidad and Tobago,2012,,,
Trinidad and Tobago,2013,,,
Trinidad and Tobago,2014,,,
Trinidad and Tobago,2015,,,
Trinidad and Tobago,2016,,,
Trinidad and Tobago,2017,,,
Tunisia,2000,,40.92445,
Tunisia,2001,,45.30992,
Tunisia,2002,,49.73199,
Tunisia,2003,,54.19005,
Tunisia,2004,,58.6819,
Tunisia,2005,,63.2012,
Tunisia,2006,,67.75428,
Tunisia,2007,,72.34045,
Tunisia,2008,,76.95932,
Tunisia,2009,,81.61039,
Tunisia,2010,,86.29308,
Tunisia,2011,,90.85251,
Tunisia,2012,,91.21785,
Tunisia,2013,,91.57965,
Tunisia,2014,,91.87399,
Tunisia,2015,,92.13805,
Tunisia,2016,,92.39928,
Tunisia,2017,,92.65752,
Turkey,2000,,,
Turkey,2001,,,
Turkey,2002,,,
Turkey,2003,,,
Turkey,2004,,,
Turkey,2005,,,
Turkey,2006,,,
Turkey,2007,,,
Turkey,2008,,,
Turkey,2009,,,
Turkey,2010,,,
Turkey,2011,,,
Turkey,2012,,,
Turkey,2013,,,
Turkey,2014,,,
Turkey,2015,,,
Turkey,2016,,,
Turkey,2017,,,
Turkmenistan,2000,50.24136,65.94715,84.44909
Turkmenistan,2001,52.37652,67.19485,84.49462
Turkmenistan,2002,54.554,68.45618,84.54015
Turkmenistan,2003,56.77379,69.73052,84.58569
Turkmenistan,2004,59.0359,71.01758,84.63122
Turkmenistan,2005,61.34031,72.89149,85.89014
Turkmenistan,2006,63.68703,74.78707,87.15037
Turkmenistan,2007,66.07607,76.70368,88.4119
Turkmenistan,2008,68.50742,78.63979,89.67474
Turkmenistan,2009,70.98107,80.59515,90.93888
Turkmenistan,2010,73.49704,82.56702,92.20152
Turkmenistan,2011,76.05532,84.5481,93.44963
Turkmenistan,2012,78.65591,86.54488,94.69856
Turkmenistan,2013,81.29882,88.56068,95.95711
Turkmenistan,2014,83.98403,90.23609,96.50794
Turkmenistan,2015,86.71156,91.7131,96.65162
Turkmenistan,2016,89.10392,93.0056,96.7953
Turkmenistan,2017,90.72574,93.90399,96.93897
Tuvalu,2000,,,
Tuvalu,2001,,,49.16
Tuvalu,2002,,,49.16
Tuvalu,2003,,,49.16
Tuvalu,2004,,,49.16
Tuvalu,2005,,,49.16
Tuvalu,2006,,,49.23
Tuvalu,2007,,,49.3
Tuvalu,2008,,,49.37
Tuvalu,2009,,,49.44
Tuvalu,2010,,,49.51
Tuvalu,2011,,,49.58
Tuvalu,2012,,,49.65
Tuvalu,2013,,,49.72
Tuvalu,2014,,,49.79
Tuvalu,2015,,,49.79
Tuvalu,2016,,,49.79
Tuvalu,2017,,,49.79
Uganda,2000,1.13331,4.7746,25.75991
Uganda,2001,1.28316,4.91586,25.18094
Uganda,2002,1.43872,5.05796,24.6004
Uganda,2003,1.59999,5.20059,24.01829
Uganda,2004,1.76696,5.34364,23.43463
Uganda,2005,1.93963,5.48593,22.84939
Uganda,2006,2.11802,5.62821,22.26259
Uganda,2007,2.3021,5.76952,21.67423
Uganda,2008,2.4919,5.90992,21.0843
Uganda,2009,2.68739,6.0487,20.4928
Uganda,2010,2.8886,6.18587,19.89974
Uganda,2011,3.09551,6.3209,19.30511
Uganda,2012,3.30812,6.45358,18.70892
Uganda,2013,3.52644,6.58311,18.11117
Uganda,2014,3.75047,6.70972,17.51185
Uganda,2015,3.9802,6.83273,16.91096
Uganda,2016,4.21564,6.95153,16.30851
Uganda,2017,4.45678,7.0658,15.70449
Ukraine,2000,,65.75006,
Ukraine,2001,,65.78163,
Ukraine,2002,,65.86811,
Ukraine,2003,,65.99349,
Ukraine,2004,,68.70232,
Ukraine,2005,,71.41066,
Ukraine,2006,,74.08951,
Ukraine,2007,,76.74915,
Ukraine,2008,,79.39001,
Ukraine,2009,,82.01154,
Ukraine,2010,,84.59711,
Ukraine,2011,,87.1797,
Ukraine,2012,,89.7595,
Ukraine,2013,,92.11779,
Ukraine,2014,,91.81175,
Ukraine,2015,,91.87727,
Ukraine,2016,,91.94227,
Ukraine,2017,,92.00686,
United Arab Emirates,2000,,,
United Arab Emirates,2001,,,
United Arab Emirates,2002,,,
United Arab Emirates,2003,,,
United Arab Emirates,2004,,,
United Arab Emirates,2005,,,
United Arab Emirates,2006,,,
United Arab Emirates,2007,,,
United Arab Emirates,2008,,,
United Arab Emirates,2009,,,
United Arab Emirates,2010,,,
United Arab Emirates,2011,,,
United Arab Emirates,2012,,,
United Arab Emirates,2013,,,
United Arab Emirates,2014,,,
United Arab Emirates,2015,,,
United Arab Emirates,2016,,,
United Arab Emirates,2017,,,
United Kingdom of Great Britain and Northern Ireland,2000,,99.96678,
United Kingdom of Great Britain and Northern Ireland,2001,,99.96677,
United Kingdom of Great Britain and Northern Ireland,2002,,99.96678,
United Kingdom of Great Britain and Northern Ireland,2003,,99.96678,
United Kingdom of Great Britain and Northern Ireland,2004,,99.96861,
United Kingdom of Great Britain and Northern Ireland,2005,,99.97044,
United Kingdom of Great Britain and Northern Ireland,2006,,99.97228,
United Kingdom of Great Britain and Northern Ireland,2007,,99.97411,
United Kingdom of Great Britain and Northern Ireland,2008,,99.97594,
United Kingdom of Great Britain and Northern Ireland,2009,,99.97778,
United Kingdom of Great Britain and Northern Ireland,2010,,99.97961,
United Kingdom of Great Britain and Northern Ireland,2011,,99.98145,
United Kingdom of Great Britain and Northern Ireland,2012,,99.98328,
United Kingdom of Great Britain and Northern Ireland,2013,,99.98511,
United Kingdom of Great Britain and Northern Ireland,2014,,99.98694,
United Kingdom of Great Britain and Northern Ireland,2015,,99.98878,
United Kingdom of Great Britain and Northern Ireland,2016,,99.98878,
United Kingdom of Great Britain and Northern Ireland,2017,,99.98878,
United Republic of Tanzania,2000,,,3.71065
United Republic of Tanzania,2001,,,3.76578
United Republic of Tanzania,2002,,,3.82091
United Republic of Tanzania,2003,,,3.87604
United Republic of Tanzania,2004,,,7.06441
United Republic of Tanzania,2005,,,10.34067
United Republic of Tanzania,2006,,,13.7048
United Republic of Tanzania,2007,,,17.15682
United Republic of Tanzania,2008,,,20.69672
United Republic of Tanzania,2009,,,24.3245
United Republic of Tanzania,2010,,,28.04016
United Republic of Tanzania,2011,,,31.84371
United Republic of Tanzania,2012,,,32.88961
United Republic of Tanzania,2013,,,33.30433
United Republic of Tanzania,2014,,,33.71905
United Republic of Tanzania,2015,,,34.13377
United Republic of Tanzania,2016,,,34.54848
United Republic of Tanzania,2017,,,34.9632
United States of America,2000,,,99.66609
United States of America,2001,,,99.66609
United States of America,2002,,,99.66609
United States of America,2003,,,99.66609
United States of America,2004,,,99.66609
United States of America,2005,,98.94233,99.66609
United States of America,2006,,98.94711,99.66609
United States of America,2007,,98.95185,99.66609
United States of America,2008,,98.95657,99.66609
United States of America,2009,,98.96126,99.66609
United States of America,2010,,98.96589,99.66609
United States of America,2011,,98.97069,99.66609
United States of America,2012,,98.97557,99.66609
United States of America,2013,,98.9806,99.66609
United States of America,2014,,98.98573,99.66609
United States of America,2015,,98.99097,99.66609
United States of America,2016,,98.99631,99.66609
United States of America,2017,,99.00178,99.66609
Uruguay,2000,,,93.87447
Uruguay,2001,,,93.87447
Uruguay,2002,,,93.87447
Uruguay,2003,,,93.87447
Uruguay,2004,,,93.87447
Uruguay,2005,,,93.93106
Uruguay,2006,,,93.98765
Uruguay,2007,,,94.04423
Uruguay,2008,,,94.10081
Uruguay,2009,,,94.1574
Uruguay,2010,,,94.21398
Uruguay,2011,,,94.27057
Uruguay,2012,,,94.32715
Uruguay,2013,,,94.38374
Uruguay,2014,,,94.44032
Uruguay,2015,,,94.4969
Uruguay,2016,,,94.55349
Uruguay,2017,,,94.58875
Uzbekistan,2000,32.46013,56.34099,84.23322
Uzbekistan,2001,32.159,56.48318,84.35009
Uzbekistan,2002,31.85178,56.62722,84.46696
Uzbekistan,2003,31.53848,56.77268,84.58382
Uzbekistan,2004,31.2191,56.91915,84.70069
Uzbekistan,2005,30.89364,57.06669,84.81756
Uzbekistan,2006,30.5621,57.21596,84.93443
Uzbekistan,2007,30.22448,57.3665,85.05129
Uzbekistan,2008,29.88077,57.51839,85.16816
Uzbekistan,2009,30.05513,57.93077,85.28503
Uzbekistan,2010,30.22948,58.34314,85.40189
Uzbekistan,2011,30.40384,58.59512,85.51876
Uzbekistan,2012,30.57819,58.68502,85.63563
Uzbekistan,2013,30.75255,58.77502,85.75249
Uzbekistan,2014,30.87685,58.83591,85.86026
Uzbekistan,2015,30.94715,58.85883,85.94555
Uzbekistan,2016,31.01698,58.88147,86.03078
Uzbekistan,2017,31.08634,58.9038,86.11594
Vanuatu,2000,,39.59291,
Vanuatu,2001,,39.61595,
Vanuatu,2002,,39.63916,
Vanuatu,2003,,39.66269,
Vanuatu,2004,,39.68639,
Vanuatu,2005,,40.04713,
Vanuatu,2006,,40.40662,
Vanuatu,2007,,40.76475,
Vanuatu,2008,,41.12159,
Vanuatu,2009,,41.47712,
Vanuatu,2010,,41.82274,
Vanuatu,2011,,42.1625,
Vanuatu,2012,,42.50182,
Vanuatu,2013,,42.84062,
Vanuatu,2014,,43.17892,
Vanuatu,2015,,43.5167,
Vanuatu,2016,,43.84248,
Vanuatu,2017,,44.13033,
Venezuela (Bolivarian Republic of),2000,,,
Venezuela (Bolivarian Republic of),2001,,,
Venezuela (Bolivarian Republic of),2002,,,
Venezuela (Bolivarian Republic of),2003,,,
Venezuela (Bolivarian Republic of),2004,,,
Venezuela (Bolivarian Republic of),2005,,,
Venezuela (Bolivarian Republic of),2006,,,
Venezuela (Bolivarian Republic of),2007,,,
Venezuela (Bolivarian Republic of),2008,,,
Venezuela (Bolivarian Republic of),2009,,,
Venezuela (Bolivarian Republic of),2010,,,
Venezuela (Bolivarian Republic of),2011,,,
Venezuela (Bolivarian Republic of),2012,,,
Venezuela (Bolivarian Republic of),2013,,,
Venezuela (Bolivarian Republic of),2014,,,
Venezuela (Bolivarian Republic of),2015,,,
Venezuela (Bolivarian Republic of),2016,,,
Venezuela (Bolivarian Republic of),2017,,,
Viet Nam,2000,,,
Viet Nam,2001,,,
Viet Nam,2002,,,
Viet Nam,2003,,,
Viet Nam,2004,,,
Viet Nam,2005,,,
Viet Nam,2006,,,
Viet Nam,2007,,,
Viet Nam,2008,,,
Viet Nam,2009,,,
Viet Nam,2010,,,
Viet Nam,2011,,,
Viet Nam,2012,,,
Viet Nam,2013,,,
Viet Nam,2014,,,
Viet Nam,2015,,,
Viet Nam,2016,,,
Viet Nam,2017,,,
Yemen,2000,,,
Yemen,2001,,,
Yemen,2002,,,
Yemen,2003,,,
Yemen,2004,,,
Yemen,2005,,,
Yemen,2006,,,
Yemen,2007,,,
Yemen,2008,,,
Yemen,2009,,,
Yemen,2010,,,
Yemen,2011,,,
Yemen,2012,,,
Yemen,2013,,,
Yemen,2014,,,
Yemen,2015,,,
Yemen,2016,,,
Yemen,2017,,,
Zambia,2000,,,48.50162
Zambia,2001,,,48.3612
Zambia,2002,,,48.22012
Zambia,2003,,,48.07838
Zambia,2004,,,47.936
Zambia,2005,,,47.79295
Zambia,2006,,,47.64926
Zambia,2007,,,47.50491
Zambia,2008,,,47.3599
Zambia,2009,,,47.21424
Zambia,2010,,,47.06792
Zambia,2011,,,46.92095
Zambia,2012,,,46.77332
Zambia,2013,,,46.62504
Zambia,2014,,,46.4761
Zambia,2015,,,46.32652
Zambia,2016,,,46.17627
Zambia,2017,,,46.24515
Zimbabwe,2000,,,
Zimbabwe,2001,,,
Zimbabwe,2002,,,
Zimbabwe,2003,,,
Zimbabwe,2004,,,
Zimbabwe,2005,,,
Zimbabwe,2006,,,
Zimbabwe,2007,,,
Zimbabwe,2008,,,
Zimbabwe,2009,,,
Zimbabwe,2010,,,
Zimbabwe,2011,,,
Zimbabwe,2012,,,
Zimbabwe,2013,,,
Zimbabwe,2014,,,
Zimbabwe,2015,,,
Zimbabwe,2016,,,
Zimbabwe,2017,,,
